COUNTYFP,Results,Values
1001,NEVER,0.053
1003,NEVER,0.083
1005,NEVER,0.067
1007,NEVER,0.02
1009,NEVER,0.053
1011,NEVER,0.031
1013,NEVER,0.102
1015,NEVER,0.152
1017,NEVER,0.117
1019,NEVER,0.135
1021,NEVER,0.06
1023,NEVER,0.049
1025,NEVER,0.049
1027,NEVER,0.148
1029,NEVER,0.151
1031,NEVER,0.101
1033,NEVER,0.082
1035,NEVER,0.099
1037,NEVER,0.055
1039,NEVER,0.187
1041,NEVER,0.06
1043,NEVER,0.13
1045,NEVER,0.089
1047,NEVER,0.095
1049,NEVER,0.084
1051,NEVER,0.042
1053,NEVER,0.114
1055,NEVER,0.096
1057,NEVER,0.138
1059,NEVER,0.065
1061,NEVER,0.176
1063,NEVER,0.03
1065,NEVER,0.026
1067,NEVER,0.066
1069,NEVER,0.085
1071,NEVER,0.092
1073,NEVER,0.049
1075,NEVER,0.107
1077,NEVER,0.093
1079,NEVER,0.162
1081,NEVER,0.053
1083,NEVER,0.102
1085,NEVER,0.12
1087,NEVER,0.008
1089,NEVER,0.062
1091,NEVER,0.033
1093,NEVER,0.129
1095,NEVER,0.075
1097,NEVER,0.077
1099,NEVER,0.112
1101,NEVER,0.056
1103,NEVER,0.078
1105,NEVER,0.025
1107,NEVER,0.031
1109,NEVER,0.06
1111,NEVER,0.158
1113,NEVER,0.069
1115,NEVER,0.027
1117,NEVER,0.022
1119,NEVER,0.055
1121,NEVER,0.113
1123,NEVER,0.067
1125,NEVER,0.041
1127,NEVER,0.09
1129,NEVER,0.018
1131,NEVER,0.061
1133,NEVER,0.13
2013,NEVER,0.067
2016,NEVER,0.078
2020,NEVER,0.042
2050,NEVER,0.101
2060,NEVER,0.048
2068,NEVER,0.062
2070,NEVER,0.072
2090,NEVER,0.094
2100,NEVER,0.055
2105,NEVER,0.051
2110,NEVER,0.051
2122,NEVER,0.043
2130,NEVER,0.025
2150,NEVER,0.042
2158,NEVER,0.103
2164,NEVER,0.055
2170,NEVER,0.042
2180,NEVER,0.086
2185,NEVER,0.036
2188,NEVER,0.035
2195,NEVER,0.042
2198,NEVER,0.033
2220,NEVER,0.048
2230,NEVER,0.058
2240,NEVER,0.064
2261,NEVER,0.04
2275,NEVER,0.035
2282,NEVER,0.047
2290,NEVER,0.044
4001,NEVER,0.055
4003,NEVER,0.053
4005,NEVER,0.039
4007,NEVER,0.073
4009,NEVER,0.095
4011,NEVER,0.111
4012,NEVER,0.031
4013,NEVER,0.023
4015,NEVER,0.051
4017,NEVER,0.091
4019,NEVER,0.023
4021,NEVER,0.033
4023,NEVER,0.028
4025,NEVER,0.031
4027,NEVER,0.008
5001,NEVER,0.019
5003,NEVER,0.023
5005,NEVER,0.15
5007,NEVER,0.081
5009,NEVER,0.129
5011,NEVER,0.094
5013,NEVER,0.145
5015,NEVER,0.111
5017,NEVER,0.104
5019,NEVER,0.08
5021,NEVER,0.082
5023,NEVER,0.036
5025,NEVER,0.107
5027,NEVER,0.241
5029,NEVER,0.071
5031,NEVER,0.078
5033,NEVER,0.155
5035,NEVER,0.059
5037,NEVER,0.097
5039,NEVER,0.197
5041,NEVER,0.078
5043,NEVER,0.063
5045,NEVER,0.066
5047,NEVER,0.149
5049,NEVER,0.105
5051,NEVER,0.025
5053,NEVER,0.082
5055,NEVER,0.062
5057,NEVER,0.098
5059,NEVER,0.059
5061,NEVER,0.081
5063,NEVER,0.137
5065,NEVER,0.086
5067,NEVER,0.116
5069,NEVER,0.042
5071,NEVER,0.144
5073,NEVER,0.12
5075,NEVER,0.085
5077,NEVER,0.103
5079,NEVER,0.035
5081,NEVER,0.074
5083,NEVER,0.148
5085,NEVER,0.048
5087,NEVER,0.075
5089,NEVER,0.171
5091,NEVER,0.064
5093,NEVER,0.033
5095,NEVER,0.068
5097,NEVER,0.081
5099,NEVER,0.143
5101,NEVER,0.107
5103,NEVER,0.151
5105,NEVER,0.098
5107,NEVER,0.052
5109,NEVER,0.064
5111,NEVER,0.077
5113,NEVER,0.18
5115,NEVER,0.082
5117,NEVER,0.062
5119,NEVER,0.028
5121,NEVER,0.051
5123,NEVER,0.087
5125,NEVER,0.066
5127,NEVER,0.155
5129,NEVER,0.1
5131,NEVER,0.121
5133,NEVER,0.12
5135,NEVER,0.067
5137,NEVER,0.067
5139,NEVER,0.116
5141,NEVER,0.033
5143,NEVER,0.034
5145,NEVER,0.026
5147,NEVER,0.059
5149,NEVER,0.116
6001,NEVER,0.019
6003,NEVER,0.025
6005,NEVER,0.045
6007,NEVER,0.015
6009,NEVER,0.045
6011,NEVER,0.027
6013,NEVER,0.018
6015,NEVER,0.01
6017,NEVER,0.028
6019,NEVER,0.021
6021,NEVER,0.028
6023,NEVER,0.042
6025,NEVER,0.001
6027,NEVER,0.033
6029,NEVER,0.022
6031,NEVER,0.075
6033,NEVER,0.003
6035,NEVER,0.064
6037,NEVER,0.021
6039,NEVER,0.019
6041,NEVER,0.011
6043,NEVER,0.01
6045,NEVER,0.002
6047,NEVER,0.026
6049,NEVER,0.068
6051,NEVER,0.011
6053,NEVER,0.023
6055,NEVER,0.017
6057,NEVER,0.003
6059,NEVER,0.023
6061,NEVER,0.012
6063,NEVER,0.063
6065,NEVER,0.026
6067,NEVER,0.025
6069,NEVER,0.018
6071,NEVER,0.027
6073,NEVER,0.017
6075,NEVER,0.017
6077,NEVER,0.054
6079,NEVER,0.025
6081,NEVER,0.016
6083,NEVER,0.015
6085,NEVER,0.015
6087,NEVER,0.008
6089,NEVER,0.095
6091,NEVER,0.14
6093,NEVER,0.132
6095,NEVER,0.043
6097,NEVER,0.022
6099,NEVER,0.032
6101,NEVER,0.058
6103,NEVER,0.057
6105,NEVER,0.081
6107,NEVER,0.025
6109,NEVER,0.008
6111,NEVER,0.024
6113,NEVER,0.007
6115,NEVER,0.057
8001,NEVER,0.032
8003,NEVER,0.052
8005,NEVER,0.013
8007,NEVER,0.041
8009,NEVER,0.113
8011,NEVER,0.033
8013,NEVER,0.008
8014,NEVER,0.018
8015,NEVER,0.038
8017,NEVER,0.016
8019,NEVER,0.002
8021,NEVER,0.06
8023,NEVER,0.034
8025,NEVER,0.002
8027,NEVER,0.017
8029,NEVER,0.087
8031,NEVER,0.02
8033,NEVER,0.052
8035,NEVER,0.013
8037,NEVER,0.008
8039,NEVER,0.016
8041,NEVER,0.031
8043,NEVER,0.006
8045,NEVER,0.065
8047,NEVER,0.001
8049,NEVER,0.006
8051,NEVER,0.057
8053,NEVER,0.043
8055,NEVER,0.028
8057,NEVER,0.021
8059,NEVER,0.028
8061,NEVER,0.028
8063,NEVER,0.024
8065,NEVER,0.002
8067,NEVER,0.043
8069,NEVER,0.013
8071,NEVER,0.052
8073,NEVER,0.013
8075,NEVER,0.078
8077,NEVER,0.075
8079,NEVER,0.049
8081,NEVER,0.041
8083,NEVER,0.057
8085,NEVER,0.085
8087,NEVER,0.083
8089,NEVER,0.004
8091,NEVER,0.06
8093,NEVER,0.021
8095,NEVER,0.05
8097,NEVER,0.019
8099,NEVER,0.079
8101,NEVER,0.018
8103,NEVER,0.111
8105,NEVER,0.061
8107,NEVER,0.008
8109,NEVER,0.065
8111,NEVER,0.032
8113,NEVER,0.043
8115,NEVER,0.065
8117,NEVER,0
8119,NEVER,0.105
8121,NEVER,0.077
8123,NEVER,0.046
8125,NEVER,0.038
9001,NEVER,0.027
9003,NEVER,0.015
9005,NEVER,0.017
9007,NEVER,0.003
9009,NEVER,0.023
9011,NEVER,0.025
9013,NEVER,0.008
9015,NEVER,0.022
10001,NEVER,0.026
10003,NEVER,0.027
10005,NEVER,0.005
11001,NEVER,0.012
12001,NEVER,0.001
12003,NEVER,0.087
12005,NEVER,0.065
12007,NEVER,0.106
12009,NEVER,0.068
12011,NEVER,0.026
12013,NEVER,0.034
12015,NEVER,0.051
12017,NEVER,0.09
12019,NEVER,0.055
12021,NEVER,0.04
12023,NEVER,0.047
12027,NEVER,0.023
12029,NEVER,0.071
12031,NEVER,0.049
12033,NEVER,0.019
12035,NEVER,0.079
12037,NEVER,0.022
12039,NEVER,0.06
12041,NEVER,0.016
12043,NEVER,0.047
12045,NEVER,0.046
12047,NEVER,0.101
12049,NEVER,0.114
12051,NEVER,0.046
12053,NEVER,0.09
12055,NEVER,0.025
12057,NEVER,0.023
12059,NEVER,0.17
12061,NEVER,0.054
12063,NEVER,0.064
12065,NEVER,0.019
12067,NEVER,0.102
12069,NEVER,0.047
12071,NEVER,0.052
12073,NEVER,0.051
12075,NEVER,0.017
12077,NEVER,0.022
12079,NEVER,0.164
12081,NEVER,0.074
12083,NEVER,0.046
12085,NEVER,0.027
12086,NEVER,0.032
12087,NEVER,0.007
12089,NEVER,0.09
12091,NEVER,0.091
12093,NEVER,0.016
12095,NEVER,0.02
12097,NEVER,0.025
12099,NEVER,0.03
12101,NEVER,0.027
12103,NEVER,0.025
12105,NEVER,0.05
12107,NEVER,0.068
12109,NEVER,0.047
12111,NEVER,0.077
12113,NEVER,0.047
12115,NEVER,0.017
12117,NEVER,0.037
12119,NEVER,0.037
12121,NEVER,0.105
12123,NEVER,0.103
12125,NEVER,0.044
12127,NEVER,0.035
12129,NEVER,0.032
12131,NEVER,0.092
12133,NEVER,0.138
13001,NEVER,0.085
13003,NEVER,0.059
13005,NEVER,0.071
13007,NEVER,0.027
13009,NEVER,0.02
13011,NEVER,0.136
13013,NEVER,0.063
13015,NEVER,0.215
13017,NEVER,0.129
13019,NEVER,0.073
13021,NEVER,0.043
13023,NEVER,0.089
13025,NEVER,0.047
13027,NEVER,0.092
13029,NEVER,0.033
13031,NEVER,0.053
13033,NEVER,0.105
13035,NEVER,0.125
13037,NEVER,0.013
13039,NEVER,0.136
13043,NEVER,0.037
13045,NEVER,0.089
13047,NEVER,0.143
13049,NEVER,0.065
13051,NEVER,0.035
13053,NEVER,0.061
13055,NEVER,0.116
13057,NEVER,0.049
13059,NEVER,0.054
13061,NEVER,0.028
13063,NEVER,0.038
13065,NEVER,0.06
13067,NEVER,0.039
13069,NEVER,0.085
13071,NEVER,0.108
13073,NEVER,0.061
13075,NEVER,0.098
13077,NEVER,0.105
13079,NEVER,0.057
13081,NEVER,0.119
13083,NEVER,0.128
13085,NEVER,0.049
13087,NEVER,0.093
13089,NEVER,0.036
13091,NEVER,0.145
13093,NEVER,0.077
13095,NEVER,0.033
13097,NEVER,0.083
13099,NEVER,0.045
13101,NEVER,0.097
13103,NEVER,0.044
13105,NEVER,0.132
13107,NEVER,0.062
13109,NEVER,0.03
13111,NEVER,0.075
13113,NEVER,0.06
13115,NEVER,0.186
13117,NEVER,0.035
13119,NEVER,0.168
13121,NEVER,0.026
13123,NEVER,0.128
13125,NEVER,0.156
13127,NEVER,0.048
13129,NEVER,0.172
13131,NEVER,0.063
13133,NEVER,0.062
13135,NEVER,0.036
13137,NEVER,0.063
13139,NEVER,0.061
13141,NEVER,0.043
13143,NEVER,0.184
13145,NEVER,0.093
13147,NEVER,0.092
13149,NEVER,0.126
13151,NEVER,0.103
13153,NEVER,0.032
13155,NEVER,0.098
13157,NEVER,0.125
13159,NEVER,0.082
13161,NEVER,0.124
13163,NEVER,0.251
13165,NEVER,0.114
13167,NEVER,0.119
13169,NEVER,0.049
13171,NEVER,0.07
13173,NEVER,0.102
13175,NEVER,0.122
13177,NEVER,0.035
13179,NEVER,0.007
13181,NEVER,0.073
13183,NEVER,0.014
13185,NEVER,0.108
13187,NEVER,0.035
13189,NEVER,0.072
13191,NEVER,0.034
13193,NEVER,0.078
13195,NEVER,0.165
13197,NEVER,0.084
13199,NEVER,0.109
13201,NEVER,0.064
13205,NEVER,0.044
13207,NEVER,0.072
13209,NEVER,0.114
13211,NEVER,0.061
13213,NEVER,0.193
13215,NEVER,0.063
13217,NEVER,0.094
13219,NEVER,0.049
13221,NEVER,0.056
13223,NEVER,0.097
13225,NEVER,0.027
13227,NEVER,0.038
13229,NEVER,0.05
13231,NEVER,0.059
13233,NEVER,0.106
13235,NEVER,0.079
13237,NEVER,0.059
13239,NEVER,0.053
13241,NEVER,0.1
13243,NEVER,0.016
13245,NEVER,0.068
13247,NEVER,0.058
13249,NEVER,0.07
13251,NEVER,0.198
13253,NEVER,0.073
13255,NEVER,0.072
13257,NEVER,0.087
13259,NEVER,0.055
13261,NEVER,0.055
13263,NEVER,0.168
13265,NEVER,0.065
13267,NEVER,0.051
13269,NEVER,0.126
13271,NEVER,0.156
13273,NEVER,0.019
13275,NEVER,0.026
13277,NEVER,0.066
13279,NEVER,0.097
13281,NEVER,0.076
13283,NEVER,0.096
13285,NEVER,0.175
13287,NEVER,0.141
13289,NEVER,0.04
13291,NEVER,0.065
13293,NEVER,0.16
13295,NEVER,0.144
13297,NEVER,0.106
13299,NEVER,0.061
13301,NEVER,0.095
13303,NEVER,0.104
13305,NEVER,0.029
13307,NEVER,0.019
13309,NEVER,0.135
13311,NEVER,0.057
13313,NEVER,0.185
13315,NEVER,0.173
13317,NEVER,0.08
13319,NEVER,0.039
13321,NEVER,0.069
15001,NEVER,0.01
15003,NEVER,0.011
15005,NEVER,0.026
15007,NEVER,0
15009,NEVER,0.034
16001,NEVER,0.118
16003,NEVER,0.094
16005,NEVER,0.084
16007,NEVER,0.151
16009,NEVER,0.038
16011,NEVER,0.095
16013,NEVER,0.155
16015,NEVER,0.057
16017,NEVER,0.088
16019,NEVER,0.096
16021,NEVER,0.045
16023,NEVER,0.107
16025,NEVER,0.186
16027,NEVER,0.113
16029,NEVER,0.1
16031,NEVER,0.134
16033,NEVER,0.119
16035,NEVER,0.037
16037,NEVER,0.069
16039,NEVER,0.206
16041,NEVER,0.131
16043,NEVER,0.111
16045,NEVER,0.119
16047,NEVER,0.211
16049,NEVER,0.045
16051,NEVER,0.099
16053,NEVER,0.175
16055,NEVER,0.146
16057,NEVER,0.002
16059,NEVER,0.109
16061,NEVER,0.027
16063,NEVER,0.18
16065,NEVER,0.101
16067,NEVER,0.134
16069,NEVER,0.009
16071,NEVER,0.083
16073,NEVER,0.123
16075,NEVER,0.081
16077,NEVER,0.078
16079,NEVER,0.068
16081,NEVER,0.099
16083,NEVER,0.166
16085,NEVER,0.041
16087,NEVER,0.136
17001,NEVER,0.18
17003,NEVER,0.11
17005,NEVER,0.07
17007,NEVER,0.025
17009,NEVER,0.18
17011,NEVER,0.012
17013,NEVER,0.082
17015,NEVER,0.03
17017,NEVER,0.103
17019,NEVER,0
17021,NEVER,0.059
17023,NEVER,0.127
17025,NEVER,0.062
17027,NEVER,0.102
17029,NEVER,0.112
17031,NEVER,0.023
17033,NEVER,0.146
17035,NEVER,0.095
17037,NEVER,0.007
17039,NEVER,0.035
17041,NEVER,0.048
17043,NEVER,0.01
17045,NEVER,0.174
17047,NEVER,0.086
17049,NEVER,0.072
17051,NEVER,0.069
17053,NEVER,0.011
17055,NEVER,0.099
17057,NEVER,0.016
17059,NEVER,0.201
17061,NEVER,0.136
17063,NEVER,0.056
17065,NEVER,0.138
17067,NEVER,0.147
17069,NEVER,0.163
17071,NEVER,0.096
17073,NEVER,0.067
17075,NEVER,0.097
17077,NEVER,0.066
17079,NEVER,0.099
17081,NEVER,0.122
17083,NEVER,0.074
17085,NEVER,0.034
17087,NEVER,0.124
17089,NEVER,0.013
17091,NEVER,0.044
17093,NEVER,0.001
17095,NEVER,0.035
17097,NEVER,0.02
17099,NEVER,0.018
17101,NEVER,0.197
17103,NEVER,0.013
17105,NEVER,0.03
17107,NEVER,0.046
17109,NEVER,0.041
17111,NEVER,0.03
17113,NEVER,0.085
17115,NEVER,0.016
17117,NEVER,0.015
17119,NEVER,0.035
17121,NEVER,0.1
17123,NEVER,0.048
17125,NEVER,0.238
17127,NEVER,0.097
17129,NEVER,0.102
17131,NEVER,0.039
17133,NEVER,0.003
17135,NEVER,0.018
17137,NEVER,0.05
17139,NEVER,0.081
17141,NEVER,0.053
17143,NEVER,0.039
17145,NEVER,0.055
17147,NEVER,0.003
17149,NEVER,0.138
17151,NEVER,0.104
17153,NEVER,0.117
17155,NEVER,0.021
17157,NEVER,0.008
17159,NEVER,0.111
17161,NEVER,0.078
17163,NEVER,0.032
17165,NEVER,0.117
17167,NEVER,0.017
17169,NEVER,0.132
17171,NEVER,0.113
17173,NEVER,0.07
17175,NEVER,0.013
17177,NEVER,0.036
17179,NEVER,0.044
17181,NEVER,0.1
17183,NEVER,0.023
17185,NEVER,0.078
17187,NEVER,0.042
17189,NEVER,0.118
17191,NEVER,0.086
17193,NEVER,0.19
17195,NEVER,0.025
17197,NEVER,0.041
17199,NEVER,0.095
17201,NEVER,0.031
17203,NEVER,0.062
18001,NEVER,0.136
18003,NEVER,0.07
18005,NEVER,0.138
18007,NEVER,0.082
18009,NEVER,0.093
18011,NEVER,0.052
18013,NEVER,0.055
18015,NEVER,0.059
18017,NEVER,0.037
18019,NEVER,0.068
18021,NEVER,0.122
18023,NEVER,0.088
18025,NEVER,0.067
18027,NEVER,0.049
18029,NEVER,0.083
18031,NEVER,0.175
18033,NEVER,0.109
18035,NEVER,0.095
18037,NEVER,0.01
18039,NEVER,0.03
18041,NEVER,0.161
18043,NEVER,0.053
18045,NEVER,0.077
18047,NEVER,0.07
18049,NEVER,0.142
18051,NEVER,0.09
18053,NEVER,0.053
18055,NEVER,0.099
18057,NEVER,0.07
18059,NEVER,0.068
18061,NEVER,0.094
18063,NEVER,0.054
18065,NEVER,0.183
18067,NEVER,0.008
18069,NEVER,0.15
18071,NEVER,0.097
18073,NEVER,0.186
18075,NEVER,0.141
18077,NEVER,0.083
18079,NEVER,0.095
18081,NEVER,0.057
18083,NEVER,0.158
18085,NEVER,0.073
18087,NEVER,0.059
18089,NEVER,0.043
18091,NEVER,0.084
18093,NEVER,0.092
18095,NEVER,0.062
18097,NEVER,0.051
18099,NEVER,0.12
18101,NEVER,0.041
18103,NEVER,0.054
18105,NEVER,0.037
18107,NEVER,0.07
18109,NEVER,0.06
18111,NEVER,0.102
18113,NEVER,0.057
18115,NEVER,0.06
18117,NEVER,0.096
18119,NEVER,0.094
18121,NEVER,0.116
18123,NEVER,0.01
18125,NEVER,0.052
18127,NEVER,0.05
18129,NEVER,0.132
18131,NEVER,0.135
18133,NEVER,0.075
18135,NEVER,0.128
18137,NEVER,0.054
18139,NEVER,0.133
18141,NEVER,0.031
18143,NEVER,0.036
18145,NEVER,0.16
18147,NEVER,0.017
18149,NEVER,0.177
18151,NEVER,0.04
18153,NEVER,0.127
18155,NEVER,0.089
18157,NEVER,0.093
18159,NEVER,0.033
18161,NEVER,0.095
18163,NEVER,0.07
18165,NEVER,0.113
18167,NEVER,0.118
18169,NEVER,0.07
18171,NEVER,0.079
18173,NEVER,0.045
18175,NEVER,0.097
18177,NEVER,0.162
18179,NEVER,0.205
18181,NEVER,0.056
18183,NEVER,0.061
19001,NEVER,0.073
19003,NEVER,0.148
19005,NEVER,0.138
19007,NEVER,0.044
19009,NEVER,0.224
19011,NEVER,0.098
19013,NEVER,0.032
19015,NEVER,0.09
19017,NEVER,0.048
19019,NEVER,0.021
19021,NEVER,0.183
19023,NEVER,0.052
19025,NEVER,0.212
19027,NEVER,0.153
19029,NEVER,0.341
19031,NEVER,0.026
19033,NEVER,0.061
19035,NEVER,0.183
19037,NEVER,0.075
19039,NEVER,0.078
19041,NEVER,0.224
19043,NEVER,0.123
19045,NEVER,0.092
19047,NEVER,0.089
19049,NEVER,0.036
19051,NEVER,0.038
19053,NEVER,0.248
19055,NEVER,0.035
19057,NEVER,0.135
19059,NEVER,0.276
19061,NEVER,0.037
19063,NEVER,0.241
19065,NEVER,0.054
19067,NEVER,0.063
19069,NEVER,0.088
19071,NEVER,0.048
19073,NEVER,0.116
19075,NEVER,0.038
19077,NEVER,0.162
19079,NEVER,0.143
19081,NEVER,0.08
19083,NEVER,0.074
19085,NEVER,0.118
19087,NEVER,0.123
19089,NEVER,0.077
19091,NEVER,0.243
19093,NEVER,0.153
19095,NEVER,0.027
19097,NEVER,0.032
19099,NEVER,0.102
19101,NEVER,0.074
19103,NEVER,0.014
19105,NEVER,0.04
19107,NEVER,0.035
19109,NEVER,0.135
19111,NEVER,0.17
19113,NEVER,0.039
19115,NEVER,0.097
19117,NEVER,0.032
19119,NEVER,0.078
19121,NEVER,0.01
19123,NEVER,0.069
19125,NEVER,0.053
19127,NEVER,0.077
19129,NEVER,0.064
19131,NEVER,0.046
19133,NEVER,0.078
19135,NEVER,0.034
19137,NEVER,0.218
19139,NEVER,0.12
19141,NEVER,0.173
19143,NEVER,0.195
19145,NEVER,0.088
19147,NEVER,0.199
19149,NEVER,0.125
19151,NEVER,0.214
19153,NEVER,0.044
19155,NEVER,0.115
19157,NEVER,0.121
19159,NEVER,0.144
19161,NEVER,0.18
19163,NEVER,0.075
19165,NEVER,0.099
19167,NEVER,0.12
19169,NEVER,0.045
19171,NEVER,0.066
19173,NEVER,0.09
19175,NEVER,0.03
19177,NEVER,0.107
19179,NEVER,0.034
19181,NEVER,0.055
19183,NEVER,0.035
19185,NEVER,0.138
19187,NEVER,0.209
19189,NEVER,0.07
19191,NEVER,0.122
19193,NEVER,0.113
19195,NEVER,0.072
19197,NEVER,0.172
20001,NEVER,0.153
20003,NEVER,0.189
20005,NEVER,0.137
20007,NEVER,0.069
20009,NEVER,0.107
20011,NEVER,0.167
20013,NEVER,0.089
20015,NEVER,0.053
20017,NEVER,0.151
20019,NEVER,0.128
20021,NEVER,0.131
20023,NEVER,0.065
20025,NEVER,0.163
20027,NEVER,0.081
20029,NEVER,0.154
20031,NEVER,0.085
20033,NEVER,0.112
20035,NEVER,0.075
20037,NEVER,0.108
20039,NEVER,0.163
20041,NEVER,0.106
20043,NEVER,0.137
20045,NEVER,0.006
20047,NEVER,0.052
20049,NEVER,0.061
20051,NEVER,0.154
20053,NEVER,0.174
20055,NEVER,0.166
20057,NEVER,0.143
20059,NEVER,0.063
20061,NEVER,0.05
20063,NEVER,0.24
20065,NEVER,0.218
20067,NEVER,0.14
20069,NEVER,0.158
20071,NEVER,0.135
20073,NEVER,0.034
20075,NEVER,0.131
20077,NEVER,0.079
20079,NEVER,0.075
20081,NEVER,0.153
20083,NEVER,0.126
20085,NEVER,0.01
20087,NEVER,0.026
20089,NEVER,0.171
20091,NEVER,0.029
20093,NEVER,0.155
20095,NEVER,0.081
20097,NEVER,0.062
20099,NEVER,0.168
20101,NEVER,0.197
20103,NEVER,0.087
20105,NEVER,0.171
20107,NEVER,0.14
20109,NEVER,0.206
20111,NEVER,0.113
20113,NEVER,0.12
20115,NEVER,0.101
20117,NEVER,0.048
20119,NEVER,0.164
20121,NEVER,0.071
20123,NEVER,0.173
20125,NEVER,0.164
20127,NEVER,0.11
20129,NEVER,0.12
20131,NEVER,0.035
20133,NEVER,0.133
20135,NEVER,0.15
20137,NEVER,0.161
20139,NEVER,0.018
20141,NEVER,0.174
20143,NEVER,0.131
20145,NEVER,0.053
20147,NEVER,0.15
20149,NEVER,0.012
20151,NEVER,0.02
20153,NEVER,0.128
20155,NEVER,0.135
20157,NEVER,0.183
20159,NEVER,0.153
20161,NEVER,0.03
20163,NEVER,0.179
20165,NEVER,0.11
20167,NEVER,0.16
20169,NEVER,0.126
20171,NEVER,0.197
20173,NEVER,0.06
20175,NEVER,0.138
20177,NEVER,0.009
20179,NEVER,0.231
20181,NEVER,0.1
20183,NEVER,0.142
20185,NEVER,0.041
20187,NEVER,0.127
20189,NEVER,0.122
20191,NEVER,0.104
20193,NEVER,0.188
20195,NEVER,0.203
20197,NEVER,0.011
20199,NEVER,0.128
20201,NEVER,0.148
20203,NEVER,0.173
20205,NEVER,0.125
20207,NEVER,0.092
20209,NEVER,0.025
21001,NEVER,0.076
21003,NEVER,0.101
21005,NEVER,0.062
21007,NEVER,0.107
21009,NEVER,0.053
21011,NEVER,0.076
21013,NEVER,0.146
21015,NEVER,0.08
21017,NEVER,0.024
21019,NEVER,0.084
21021,NEVER,0.092
21023,NEVER,0.056
21025,NEVER,0.114
21027,NEVER,0.023
21029,NEVER,0.037
21031,NEVER,0.066
21033,NEVER,0.059
21035,NEVER,0.066
21037,NEVER,0.073
21039,NEVER,0.104
21041,NEVER,0.155
21043,NEVER,0.069
21045,NEVER,0.164
21047,NEVER,0.06
21049,NEVER,0.083
21051,NEVER,0.153
21053,NEVER,0.096
21055,NEVER,0.121
21057,NEVER,0.067
21059,NEVER,0.055
21061,NEVER,0.055
21063,NEVER,0.117
21065,NEVER,0.082
21067,NEVER,0.031
21069,NEVER,0.068
21071,NEVER,0.131
21073,NEVER,0.088
21075,NEVER,0.1
21077,NEVER,0.076
21079,NEVER,0.077
21081,NEVER,0.047
21083,NEVER,0.103
21085,NEVER,0.043
21087,NEVER,0.063
21089,NEVER,0.092
21091,NEVER,0.019
21093,NEVER,0.057
21095,NEVER,0.076
21097,NEVER,0.073
21099,NEVER,0.053
21101,NEVER,0.072
21103,NEVER,0.093
21105,NEVER,0.097
21107,NEVER,0.04
21109,NEVER,0.183
21111,NEVER,0.036
21113,NEVER,0.022
21115,NEVER,0.102
21117,NEVER,0.052
21119,NEVER,0.157
21121,NEVER,0.187
21123,NEVER,0.074
21125,NEVER,0.201
21127,NEVER,0.155
21129,NEVER,0.129
21131,NEVER,0.094
21133,NEVER,0.078
21135,NEVER,0.057
21137,NEVER,0.172
21139,NEVER,0.08
21141,NEVER,0.099
21143,NEVER,0.052
21145,NEVER,0.085
21147,NEVER,0.096
21149,NEVER,0.081
21151,NEVER,0.088
21153,NEVER,0.107
21155,NEVER,0.046
21157,NEVER,0.061
21159,NEVER,0.108
21161,NEVER,0.056
21163,NEVER,0.018
21165,NEVER,0.161
21167,NEVER,0.047
21169,NEVER,0.048
21171,NEVER,0.082
21173,NEVER,0.03
21175,NEVER,0.133
21177,NEVER,0.035
21179,NEVER,0.033
21181,NEVER,0.023
21183,NEVER,0.064
21185,NEVER,0.025
21187,NEVER,0.091
21189,NEVER,0.121
21191,NEVER,0.035
21193,NEVER,0.123
21195,NEVER,0.096
21197,NEVER,0.112
21199,NEVER,0.13
21201,NEVER,0.048
21203,NEVER,0.215
21205,NEVER,0.159
21207,NEVER,0.096
21209,NEVER,0.04
21211,NEVER,0.092
21213,NEVER,0.137
21215,NEVER,0.032
21217,NEVER,0.073
21219,NEVER,0.058
21221,NEVER,0.066
21223,NEVER,0.134
21225,NEVER,0.211
21227,NEVER,0.076
21229,NEVER,0.035
21231,NEVER,0.102
21233,NEVER,0.088
21235,NEVER,0.176
21237,NEVER,0.14
21239,NEVER,0.042
22001,NEVER,0.122
22003,NEVER,0.196
22005,NEVER,0.049
22007,NEVER,0.079
22009,NEVER,0.13
22011,NEVER,0.086
22013,NEVER,0.078
22015,NEVER,0.068
22017,NEVER,0.058
22019,NEVER,0.102
22021,NEVER,0.102
22023,NEVER,0.089
22025,NEVER,0.11
22027,NEVER,0.146
22029,NEVER,0.11
22031,NEVER,0.035
22033,NEVER,0.052
22035,NEVER,0.022
22037,NEVER,0.067
22039,NEVER,0.215
22041,NEVER,0.123
22043,NEVER,0.086
22045,NEVER,0.112
22047,NEVER,0.061
22049,NEVER,0.116
22051,NEVER,0.044
22053,NEVER,0.249
22055,NEVER,0.062
22057,NEVER,0.078
22059,NEVER,0.082
22061,NEVER,0.102
22063,NEVER,0.06
22065,NEVER,0.034
22067,NEVER,0.039
22069,NEVER,0.096
22071,NEVER,0.019
22073,NEVER,0.076
22075,NEVER,0.065
22077,NEVER,0.044
22079,NEVER,0.106
22081,NEVER,0.068
22083,NEVER,0.066
22085,NEVER,0.098
22087,NEVER,0.035
22089,NEVER,0.093
22091,NEVER,0.064
22093,NEVER,0.034
22095,NEVER,0.096
22097,NEVER,0.064
22099,NEVER,0.069
22101,NEVER,0.066
22103,NEVER,0.031
22105,NEVER,0.066
22107,NEVER,0.081
22109,NEVER,0.068
22111,NEVER,0.071
22113,NEVER,0.076
22115,NEVER,0.092
22117,NEVER,0.103
22119,NEVER,0.134
22121,NEVER,0.044
22123,NEVER,0.022
22125,NEVER,0.072
22127,NEVER,0.086
23001,NEVER,0.083
23003,NEVER,0.143
23005,NEVER,0.05
23007,NEVER,0.006
23009,NEVER,0.034
23011,NEVER,0.016
23013,NEVER,0.007
23015,NEVER,0.031
23017,NEVER,0.069
23019,NEVER,0.038
23021,NEVER,0.062
23023,NEVER,0.061
23025,NEVER,0.035
23027,NEVER,0.023
23029,NEVER,0.026
23031,NEVER,0.076
24001,NEVER,0.007
24003,NEVER,0.018
24005,NEVER,0.013
24009,NEVER,0.049
24011,NEVER,0.009
24013,NEVER,0.014
24015,NEVER,0.009
24017,NEVER,0.035
24019,NEVER,0.02
24021,NEVER,0.028
24023,NEVER,0.077
24025,NEVER,0.008
24027,NEVER,0.024
24029,NEVER,0.005
24031,NEVER,0.025
24033,NEVER,0.087
24035,NEVER,0.002
24037,NEVER,0.04
24039,NEVER,0.004
24041,NEVER,0.012
24043,NEVER,0.031
24045,NEVER,0.006
24047,NEVER,0.003
24510,NEVER,0.024
25001,NEVER,0.019
25003,NEVER,0.03
25005,NEVER,0.016
25007,NEVER,0.006
25009,NEVER,0.023
25011,NEVER,0.043
25013,NEVER,0.013
25015,NEVER,0.011
25017,NEVER,0.023
25019,NEVER,0.015
25021,NEVER,0.02
25023,NEVER,0.014
25025,NEVER,0.02
25027,NEVER,0.02
26001,NEVER,0.065
26003,NEVER,0.025
26005,NEVER,0.05
26007,NEVER,0.025
26009,NEVER,0.027
26011,NEVER,0.052
26013,NEVER,0.012
26015,NEVER,0.043
26017,NEVER,0.014
26019,NEVER,0.01
26021,NEVER,0.039
26023,NEVER,0.072
26025,NEVER,0.063
26027,NEVER,0.046
26029,NEVER,0.027
26031,NEVER,0.027
26033,NEVER,0.03
26035,NEVER,0.05
26037,NEVER,0.033
26039,NEVER,0.043
26041,NEVER,0.058
26043,NEVER,0.043
26045,NEVER,0.047
26047,NEVER,0.025
26049,NEVER,0.032
26051,NEVER,0.025
26053,NEVER,0.039
26055,NEVER,0.004
26057,NEVER,0.057
26059,NEVER,0.135
26061,NEVER,0.008
26063,NEVER,0.08
26065,NEVER,0.062
26067,NEVER,0.035
26069,NEVER,0.1
26071,NEVER,0.046
26073,NEVER,0.096
26075,NEVER,0.11
26077,NEVER,0.02
26079,NEVER,0.018
26081,NEVER,0.019
26083,NEVER,0.006
26085,NEVER,0.052
26087,NEVER,0.036
26089,NEVER,0.003
26091,NEVER,0.018
26093,NEVER,0.042
26095,NEVER,0.028
26097,NEVER,0.032
26099,NEVER,0.034
26101,NEVER,0.035
26103,NEVER,0.016
26105,NEVER,0.046
26107,NEVER,0.091
26109,NEVER,0.059
26111,NEVER,0.031
26113,NEVER,0.025
26115,NEVER,0.066
26117,NEVER,0.028
26119,NEVER,0.044
26121,NEVER,0.084
26123,NEVER,0.099
26125,NEVER,0.028
26127,NEVER,0.074
26129,NEVER,0.061
26131,NEVER,0.025
26133,NEVER,0.07
26135,NEVER,0.057
26137,NEVER,0.06
26139,NEVER,0.042
26141,NEVER,0.02
26143,NEVER,0.012
26145,NEVER,0.031
26147,NEVER,0.051
26149,NEVER,0.048
26151,NEVER,0.078
26153,NEVER,0.041
26155,NEVER,0.116
26157,NEVER,0.091
26159,NEVER,0.025
26161,NEVER,0.019
26163,NEVER,0.046
26165,NEVER,0.036
27001,NEVER,0.187
27003,NEVER,0.054
27005,NEVER,0.052
27007,NEVER,0.094
27009,NEVER,0.084
27011,NEVER,0.256
27013,NEVER,0.065
27015,NEVER,0.101
27017,NEVER,0.058
27019,NEVER,0.024
27021,NEVER,0.105
27023,NEVER,0.108
27025,NEVER,0.064
27027,NEVER,0.092
27029,NEVER,0.065
27031,NEVER,0.184
27033,NEVER,0.216
27035,NEVER,0.147
27037,NEVER,0.072
27039,NEVER,0.035
27041,NEVER,0.099
27043,NEVER,0.078
27045,NEVER,0.026
27047,NEVER,0.135
27049,NEVER,0.03
27051,NEVER,0.11
27053,NEVER,0.021
27055,NEVER,0.072
27057,NEVER,0.078
27059,NEVER,0.104
27061,NEVER,0.162
27063,NEVER,0.325
27065,NEVER,0.223
27067,NEVER,0.109
27069,NEVER,0.068
27071,NEVER,0.159
27073,NEVER,0.184
27075,NEVER,0.087
27077,NEVER,0.091
27079,NEVER,0.055
27081,NEVER,0.11
27083,NEVER,0.134
27085,NEVER,0.061
27087,NEVER,0.07
27089,NEVER,0.078
27091,NEVER,0.18
27093,NEVER,0.072
27095,NEVER,0.224
27097,NEVER,0.14
27099,NEVER,0.071
27101,NEVER,0.131
27103,NEVER,0.063
27105,NEVER,0.244
27107,NEVER,0.122
27109,NEVER,0.023
27111,NEVER,0.078
27113,NEVER,0.081
27115,NEVER,0.178
27117,NEVER,0.088
27119,NEVER,0.104
27121,NEVER,0.139
27123,NEVER,0.044
27125,NEVER,0.095
27127,NEVER,0.081
27129,NEVER,0.05
27131,NEVER,0.089
27133,NEVER,0.095
27135,NEVER,0.077
27137,NEVER,0.095
27139,NEVER,0.021
27141,NEVER,0.064
27143,NEVER,0.04
27145,NEVER,0.082
27147,NEVER,0.074
27149,NEVER,0.169
27151,NEVER,0.17
27153,NEVER,0.097
27155,NEVER,0.196
27157,NEVER,0.041
27159,NEVER,0.061
27161,NEVER,0.074
27163,NEVER,0.044
27165,NEVER,0.149
27167,NEVER,0.166
27169,NEVER,0.029
27171,NEVER,0.083
27173,NEVER,0.122
28001,NEVER,0.113
28003,NEVER,0.069
28005,NEVER,0.11
28007,NEVER,0.065
28009,NEVER,0.018
28011,NEVER,0.123
28013,NEVER,0.074
28015,NEVER,0.08
28017,NEVER,0.07
28019,NEVER,0.035
28021,NEVER,0.038
28023,NEVER,0.044
28025,NEVER,0.029
28027,NEVER,0.038
28029,NEVER,0.073
28031,NEVER,0.11
28033,NEVER,0.055
28035,NEVER,0.072
28037,NEVER,0.087
28039,NEVER,0.037
28041,NEVER,0.015
28043,NEVER,0.056
28045,NEVER,0.063
28047,NEVER,0.093
28049,NEVER,0.019
28051,NEVER,0.062
28053,NEVER,0.117
28055,NEVER,0.03
28057,NEVER,0.116
28059,NEVER,0.077
28061,NEVER,0.066
28063,NEVER,0.076
28065,NEVER,0.141
28067,NEVER,0.069
28069,NEVER,0.032
28071,NEVER,0.019
28073,NEVER,0.087
28075,NEVER,0.036
28077,NEVER,0.119
28079,NEVER,0.031
28081,NEVER,0.094
28083,NEVER,0.122
28085,NEVER,0.077
28087,NEVER,0.018
28089,NEVER,0.029
28091,NEVER,0.137
28093,NEVER,0.013
28095,NEVER,0.087
28097,NEVER,0.058
28099,NEVER,0.017
28101,NEVER,0.01
28103,NEVER,0.009
28105,NEVER,0.015
28107,NEVER,0.061
28109,NEVER,0.05
28111,NEVER,0.057
28113,NEVER,0.116
28115,NEVER,0.06
28117,NEVER,0.103
28119,NEVER,0.041
28121,NEVER,0.031
28123,NEVER,0.026
28125,NEVER,0.066
28127,NEVER,0.081
28129,NEVER,0.106
28131,NEVER,0.109
28133,NEVER,0.137
28135,NEVER,0.061
28137,NEVER,0.097
28139,NEVER,0.068
28141,NEVER,0.072
28143,NEVER,0.131
28145,NEVER,0.078
28147,NEVER,0.158
28149,NEVER,0.021
28151,NEVER,0.138
28153,NEVER,0.037
28155,NEVER,0.052
28157,NEVER,0.146
28159,NEVER,0.029
28161,NEVER,0.029
28163,NEVER,0.05
29001,NEVER,0.067
29003,NEVER,0.133
29005,NEVER,0.09
29007,NEVER,0.11
29009,NEVER,0.106
29011,NEVER,0.15
29013,NEVER,0.138
29015,NEVER,0.188
29017,NEVER,0.097
29019,NEVER,0.073
29021,NEVER,0.121
29023,NEVER,0.189
29025,NEVER,0.109
29027,NEVER,0.123
29029,NEVER,0.266
29031,NEVER,0.08
29033,NEVER,0.155
29035,NEVER,0.159
29037,NEVER,0.027
29039,NEVER,0.275
29041,NEVER,0.117
29043,NEVER,0.13
29045,NEVER,0.154
29047,NEVER,0.033
29049,NEVER,0.066
29051,NEVER,0.087
29053,NEVER,0.06
29055,NEVER,0.167
29057,NEVER,0.312
29059,NEVER,0.165
29061,NEVER,0.124
29063,NEVER,0.144
29065,NEVER,0.167
29067,NEVER,0.285
29069,NEVER,0.068
29071,NEVER,0.122
29073,NEVER,0.086
29075,NEVER,0.101
29077,NEVER,0.099
29079,NEVER,0.195
29081,NEVER,0.173
29083,NEVER,0.128
29085,NEVER,0.182
29087,NEVER,0.129
29089,NEVER,0.076
29091,NEVER,0.301
29093,NEVER,0.133
29095,NEVER,0.027
29097,NEVER,0.138
29099,NEVER,0.042
29101,NEVER,0.168
29103,NEVER,0.082
29105,NEVER,0.313
29107,NEVER,0.033
29109,NEVER,0.241
29111,NEVER,0.164
29113,NEVER,0.063
29115,NEVER,0.126
29117,NEVER,0.15
29119,NEVER,0.152
29121,NEVER,0.118
29123,NEVER,0.082
29125,NEVER,0.098
29127,NEVER,0.178
29129,NEVER,0.23
29131,NEVER,0.2
29133,NEVER,0.129
29135,NEVER,0.102
29137,NEVER,0.164
29139,NEVER,0.062
29141,NEVER,0.211
29143,NEVER,0.098
29145,NEVER,0.156
29147,NEVER,0.093
29149,NEVER,0.142
29151,NEVER,0.067
29153,NEVER,0.179
29155,NEVER,0.079
29157,NEVER,0.032
29159,NEVER,0.185
29161,NEVER,0.139
29163,NEVER,0.082
29165,NEVER,0.044
29167,NEVER,0.183
29169,NEVER,0.208
29171,NEVER,0.107
29173,NEVER,0.16
29175,NEVER,0.163
29177,NEVER,0.073
29179,NEVER,0.137
29181,NEVER,0.126
29183,NEVER,0.041
29185,NEVER,0.163
29186,NEVER,0.025
29187,NEVER,0.103
29189,NEVER,0.024
29195,NEVER,0.083
29197,NEVER,0.05
29199,NEVER,0.073
29201,NEVER,0.125
29203,NEVER,0.212
29205,NEVER,0.142
29207,NEVER,0.137
29209,NEVER,0.056
29211,NEVER,0.136
29213,NEVER,0.053
29215,NEVER,0.309
29217,NEVER,0.164
29219,NEVER,0.11
29221,NEVER,0.181
29223,NEVER,0.191
29225,NEVER,0.297
29227,NEVER,0.098
29229,NEVER,0.419
29510,NEVER,0.039
30001,NEVER,0.165
30003,NEVER,0.136
30005,NEVER,0.287
30007,NEVER,0.165
30009,NEVER,0.14
30011,NEVER,0.123
30013,NEVER,0.17
30015,NEVER,0.196
30017,NEVER,0.085
30019,NEVER,0.172
30021,NEVER,0.139
30023,NEVER,0.141
30025,NEVER,0.118
30027,NEVER,0.284
30029,NEVER,0.076
30031,NEVER,0.132
30033,NEVER,0.134
30035,NEVER,0.084
30037,NEVER,0.134
30039,NEVER,0.116
30041,NEVER,0.27
30043,NEVER,0.158
30045,NEVER,0.233
30047,NEVER,0.087
30049,NEVER,0.149
30051,NEVER,0.188
30053,NEVER,0.118
30055,NEVER,0.142
30057,NEVER,0.172
30059,NEVER,0.188
30061,NEVER,0.097
30063,NEVER,0.091
30065,NEVER,0.128
30067,NEVER,0.114
30069,NEVER,0.157
30071,NEVER,0.229
30073,NEVER,0.123
30075,NEVER,0.193
30077,NEVER,0.118
30079,NEVER,0.101
30081,NEVER,0.121
30083,NEVER,0.176
30085,NEVER,0.169
30087,NEVER,0.126
30089,NEVER,0.15
30091,NEVER,0.179
30093,NEVER,0.158
30095,NEVER,0.126
30097,NEVER,0.116
30099,NEVER,0.134
30101,NEVER,0.138
30103,NEVER,0.122
30105,NEVER,0.172
30107,NEVER,0.214
30109,NEVER,0.165
30111,NEVER,0.129
31001,NEVER,0.057
31003,NEVER,0.198
31005,NEVER,0.144
31007,NEVER,0.249
31009,NEVER,0.176
31011,NEVER,0.156
31013,NEVER,0.303
31015,NEVER,0.081
31017,NEVER,0.141
31019,NEVER,0.065
31021,NEVER,0.066
31023,NEVER,0.027
31025,NEVER,0.042
31027,NEVER,0.207
31029,NEVER,0.055
31031,NEVER,0.158
31033,NEVER,0.116
31035,NEVER,0.064
31037,NEVER,0.054
31039,NEVER,0.147
31041,NEVER,0.143
31043,NEVER,0.113
31045,NEVER,0.224
31047,NEVER,0.096
31049,NEVER,0.093
31051,NEVER,0.163
31053,NEVER,0.14
31055,NEVER,0.091
31057,NEVER,0.053
31059,NEVER,0.053
31061,NEVER,0.083
31063,NEVER,0.094
31065,NEVER,0.101
31067,NEVER,0.127
31069,NEVER,0.202
31071,NEVER,0.168
31073,NEVER,0.086
31075,NEVER,0.199
31077,NEVER,0.122
31079,NEVER,0.048
31081,NEVER,0.04
31083,NEVER,0.089
31085,NEVER,0.072
31087,NEVER,0.085
31089,NEVER,0.113
31091,NEVER,0.151
31093,NEVER,0.073
31095,NEVER,0.206
31097,NEVER,0.061
31099,NEVER,0.062
31101,NEVER,0.093
31103,NEVER,0.124
31105,NEVER,0.187
31107,NEVER,0.171
31109,NEVER,0.093
31111,NEVER,0.103
31113,NEVER,0.14
31115,NEVER,0.193
31117,NEVER,0.121
31119,NEVER,0.251
31121,NEVER,0.05
31123,NEVER,0.261
31125,NEVER,0.091
31127,NEVER,0.09
31129,NEVER,0.138
31131,NEVER,0.11
31133,NEVER,0.067
31135,NEVER,0.069
31137,NEVER,0.072
31139,NEVER,0.253
31141,NEVER,0.044
31143,NEVER,0.029
31145,NEVER,0.102
31147,NEVER,0.098
31149,NEVER,0.13
31151,NEVER,0.021
31153,NEVER,0.094
31155,NEVER,0.108
31157,NEVER,0.256
31159,NEVER,0.028
31161,NEVER,0.248
31163,NEVER,0.093
31165,NEVER,0.241
31167,NEVER,0.265
31169,NEVER,0.185
31171,NEVER,0.152
31173,NEVER,0.123
31175,NEVER,0.135
31177,NEVER,0.086
31179,NEVER,0.245
31181,NEVER,0.091
31183,NEVER,0.162
31185,NEVER,0.044
32001,NEVER,0.022
32003,NEVER,0.027
32005,NEVER,0.029
32007,NEVER,0.021
32009,NEVER,0.086
32011,NEVER,0.002
32013,NEVER,0.008
32015,NEVER,0.004
32017,NEVER,0.048
32019,NEVER,0.037
32021,NEVER,0.022
32023,NEVER,0.061
32027,NEVER,0.01
32029,NEVER,0.015
32031,NEVER,0.024
32033,NEVER,0.059
32510,NEVER,0.023
33001,NEVER,0.114
33003,NEVER,0.088
33005,NEVER,0.02
33007,NEVER,0.017
33009,NEVER,0.039
33011,NEVER,0.03
33013,NEVER,0.085
33015,NEVER,0.018
33017,NEVER,0.08
33019,NEVER,0.06
34001,NEVER,0.019
34003,NEVER,0.02
34005,NEVER,0.023
34007,NEVER,0.028
34009,NEVER,0.013
34011,NEVER,0.032
34013,NEVER,0.035
34015,NEVER,0.047
34017,NEVER,0.022
34019,NEVER,0.007
34021,NEVER,0.017
34023,NEVER,0.02
34025,NEVER,0.01
34027,NEVER,0.023
34029,NEVER,0.012
34031,NEVER,0.029
34033,NEVER,0.041
34035,NEVER,0.016
34037,NEVER,0.02
34039,NEVER,0.012
34041,NEVER,0.035
35001,NEVER,0.036
35003,NEVER,0.054
35005,NEVER,0.074
35006,NEVER,0.003
35007,NEVER,0.041
35009,NEVER,0.011
35011,NEVER,0.036
35013,NEVER,0.011
35015,NEVER,0.2
35017,NEVER,0.043
35019,NEVER,0.014
35021,NEVER,0.057
35023,NEVER,0.056
35025,NEVER,0.112
35027,NEVER,0.04
35028,NEVER,0.001
35029,NEVER,0.105
35031,NEVER,0.01
35033,NEVER,0.002
35035,NEVER,0.074
35037,NEVER,0.049
35039,NEVER,0.007
35041,NEVER,0.009
35043,NEVER,0.017
35045,NEVER,0.057
35047,NEVER,0.004
35049,NEVER,0.008
35051,NEVER,0.03
35053,NEVER,0.002
35055,NEVER,0.006
35057,NEVER,0.097
35059,NEVER,0.12
35061,NEVER,0.006
36001,NEVER,0.006
36003,NEVER,0.062
36005,NEVER,0.043
36007,NEVER,0.044
36009,NEVER,0.015
36011,NEVER,0
36013,NEVER,0.029
36015,NEVER,0.012
36017,NEVER,0.048
36019,NEVER,0.017
36021,NEVER,0.014
36023,NEVER,0.001
36025,NEVER,0.057
36027,NEVER,0.007
36029,NEVER,0.018
36031,NEVER,0.05
36033,NEVER,0.026
36035,NEVER,0.078
36037,NEVER,0.001
36039,NEVER,0.022
36041,NEVER,0.042
36043,NEVER,0.015
36045,NEVER,0.008
36047,NEVER,0.035
36049,NEVER,0.069
36051,NEVER,0.011
36053,NEVER,0.003
36055,NEVER,0.018
36057,NEVER,0.102
36059,NEVER,0.017
36061,NEVER,0.02
36063,NEVER,0.001
36065,NEVER,0.016
36067,NEVER,0.019
36069,NEVER,0.001
36071,NEVER,0.023
36073,NEVER,0.001
36075,NEVER,0.017
36077,NEVER,0.032
36079,NEVER,0.003
36081,NEVER,0.022
36083,NEVER,0.018
36085,NEVER,0.033
36087,NEVER,0.011
36089,NEVER,0.027
36091,NEVER,0.02
36093,NEVER,0.04
36095,NEVER,0.007
36097,NEVER,0.01
36099,NEVER,0.001
36101,NEVER,0.036
36103,NEVER,0.04
36105,NEVER,0.024
36107,NEVER,0.019
36109,NEVER,0.012
36111,NEVER,0.014
36113,NEVER,0.026
36115,NEVER,0.026
36117,NEVER,0.001
36119,NEVER,0.025
36121,NEVER,0.001
36123,NEVER,0
37001,NEVER,0.04
37003,NEVER,0.027
37005,NEVER,0.153
37007,NEVER,0.053
37009,NEVER,0.149
37011,NEVER,0.096
37013,NEVER,0.037
37015,NEVER,0.1
37017,NEVER,0.073
37019,NEVER,0.024
37021,NEVER,0.009
37023,NEVER,0.091
37025,NEVER,0.04
37027,NEVER,0.028
37029,NEVER,0.091
37031,NEVER,0.01
37033,NEVER,0.06
37035,NEVER,0.035
37037,NEVER,0.007
37039,NEVER,0.085
37041,NEVER,0.044
37043,NEVER,0.099
37045,NEVER,0.062
37047,NEVER,0.179
37049,NEVER,0.034
37051,NEVER,0.028
37053,NEVER,0.157
37055,NEVER,0.028
37057,NEVER,0.058
37059,NEVER,0.074
37061,NEVER,0.068
37063,NEVER,0.017
37065,NEVER,0.021
37067,NEVER,0.02
37069,NEVER,0.038
37071,NEVER,0.038
37073,NEVER,0.008
37075,NEVER,0.095
37077,NEVER,0.042
37079,NEVER,0.072
37081,NEVER,0.04
37083,NEVER,0.014
37085,NEVER,0.031
37087,NEVER,0.077
37089,NEVER,0.014
37091,NEVER,0.02
37093,NEVER,0.009
37095,NEVER,0.133
37097,NEVER,0.08
37099,NEVER,0.077
37101,NEVER,0.032
37103,NEVER,0.064
37105,NEVER,0.066
37107,NEVER,0.109
37109,NEVER,0.029
37111,NEVER,0.075
37113,NEVER,0.153
37115,NEVER,0.016
37117,NEVER,0.084
37119,NEVER,0.029
37121,NEVER,0.096
37123,NEVER,0.027
37125,NEVER,0.039
37127,NEVER,0.044
37129,NEVER,0.019
37131,NEVER,0.017
37133,NEVER,0.039
37135,NEVER,0.01
37137,NEVER,0.036
37139,NEVER,0.067
37141,NEVER,0.05
37143,NEVER,0.036
37145,NEVER,0.01
37147,NEVER,0.034
37149,NEVER,0.018
37151,NEVER,0.066
37153,NEVER,0.05
37155,NEVER,0.062
37157,NEVER,0.125
37159,NEVER,0.086
37161,NEVER,0.045
37163,NEVER,0.006
37165,NEVER,0.137
37167,NEVER,0.029
37169,NEVER,0.015
37171,NEVER,0.019
37173,NEVER,0.079
37175,NEVER,0.025
37177,NEVER,0.054
37179,NEVER,0.06
37181,NEVER,0.042
37183,NEVER,0.015
37185,NEVER,0.027
37187,NEVER,0.113
37189,NEVER,0.062
37191,NEVER,0.017
37193,NEVER,0.046
37195,NEVER,0.013
37197,NEVER,0.073
37199,NEVER,0.028
38001,NEVER,0.219
38003,NEVER,0.111
38005,NEVER,0.289
38007,NEVER,0.2
38009,NEVER,0.206
38011,NEVER,0.188
38013,NEVER,0.191
38015,NEVER,0.172
38017,NEVER,0.09
38019,NEVER,0.146
38021,NEVER,0.151
38023,NEVER,0.186
38025,NEVER,0.195
38027,NEVER,0.269
38029,NEVER,0.16
38031,NEVER,0.265
38033,NEVER,0.187
38035,NEVER,0.097
38037,NEVER,0.177
38039,NEVER,0.162
38041,NEVER,0.218
38043,NEVER,0.193
38045,NEVER,0.115
38047,NEVER,0.172
38049,NEVER,0.206
38051,NEVER,0.169
38053,NEVER,0.19
38055,NEVER,0.189
38057,NEVER,0.189
38059,NEVER,0.172
38061,NEVER,0.192
38063,NEVER,0.133
38065,NEVER,0.181
38067,NEVER,0.08
38069,NEVER,0.253
38071,NEVER,0.242
38073,NEVER,0.073
38075,NEVER,0.193
38077,NEVER,0.155
38079,NEVER,0.248
38081,NEVER,0.081
38083,NEVER,0.203
38085,NEVER,0.157
38087,NEVER,0.217
38089,NEVER,0.207
38091,NEVER,0.172
38093,NEVER,0.202
38095,NEVER,0.263
38097,NEVER,0.144
38099,NEVER,0.087
38101,NEVER,0.195
38103,NEVER,0.254
38105,NEVER,0.186
39001,NEVER,0.074
39003,NEVER,0.085
39005,NEVER,0.068
39007,NEVER,0.144
39009,NEVER,0.071
39011,NEVER,0.131
39013,NEVER,0.082
39015,NEVER,0.177
39017,NEVER,0.047
39019,NEVER,0.147
39021,NEVER,0.084
39023,NEVER,0.066
39025,NEVER,0.082
39027,NEVER,0.171
39029,NEVER,0.098
39031,NEVER,0.077
39033,NEVER,0.101
39035,NEVER,0.042
39037,NEVER,0.216
39039,NEVER,0.052
39041,NEVER,0.018
39043,NEVER,0.078
39045,NEVER,0.1
39047,NEVER,0.157
39049,NEVER,0.042
39051,NEVER,0.029
39053,NEVER,0.074
39055,NEVER,0.03
39057,NEVER,0.041
39059,NEVER,0.101
39061,NEVER,0.069
39063,NEVER,0.076
39065,NEVER,0.149
39067,NEVER,0.107
39069,NEVER,0.038
39071,NEVER,0.157
39073,NEVER,0.169
39075,NEVER,0.05
39077,NEVER,0.191
39079,NEVER,0.166
39081,NEVER,0.076
39083,NEVER,0.138
39085,NEVER,0.067
39087,NEVER,0.089
39089,NEVER,0.056
39091,NEVER,0.136
39093,NEVER,0.089
39095,NEVER,0.078
39097,NEVER,0.037
39099,NEVER,0.046
39101,NEVER,0.084
39103,NEVER,0.068
39105,NEVER,0.072
39107,NEVER,0.102
39109,NEVER,0.077
39111,NEVER,0.04
39113,NEVER,0.041
39115,NEVER,0.142
39117,NEVER,0.059
39119,NEVER,0.136
39121,NEVER,0.109
39123,NEVER,0.052
39125,NEVER,0.095
39127,NEVER,0.138
39129,NEVER,0.067
39131,NEVER,0.186
39133,NEVER,0.028
39135,NEVER,0.045
39137,NEVER,0.041
39139,NEVER,0.066
39141,NEVER,0.181
39143,NEVER,0.139
39145,NEVER,0.121
39147,NEVER,0.119
39149,NEVER,0.182
39151,NEVER,0.065
39153,NEVER,0.048
39155,NEVER,0.054
39157,NEVER,0.126
39159,NEVER,0.175
39161,NEVER,0.069
39163,NEVER,0.09
39165,NEVER,0.062
39167,NEVER,0.072
39169,NEVER,0.064
39171,NEVER,0.035
39173,NEVER,0.029
39175,NEVER,0.1
40001,NEVER,0.105
40003,NEVER,0.203
40005,NEVER,0.076
40007,NEVER,0.153
40009,NEVER,0.088
40011,NEVER,0.029
40013,NEVER,0.094
40015,NEVER,0.013
40017,NEVER,0.043
40019,NEVER,0.128
40021,NEVER,0.099
40023,NEVER,0.064
40025,NEVER,0.14
40027,NEVER,0.046
40029,NEVER,0.075
40031,NEVER,0.054
40033,NEVER,0.06
40035,NEVER,0.247
40037,NEVER,0.154
40039,NEVER,0.006
40041,NEVER,0.188
40043,NEVER,0.066
40045,NEVER,0.132
40047,NEVER,0.233
40049,NEVER,0.075
40051,NEVER,0.047
40053,NEVER,0.205
40055,NEVER,0.073
40057,NEVER,0.105
40059,NEVER,0.158
40061,NEVER,0.146
40063,NEVER,0.089
40065,NEVER,0.021
40067,NEVER,0.084
40069,NEVER,0.088
40071,NEVER,0.099
40073,NEVER,0.046
40075,NEVER,0.025
40077,NEVER,0.159
40079,NEVER,0.142
40081,NEVER,0.135
40083,NEVER,0.03
40085,NEVER,0.188
40087,NEVER,0.092
40089,NEVER,0.131
40091,NEVER,0.085
40093,NEVER,0.169
40095,NEVER,0.13
40097,NEVER,0.173
40099,NEVER,0.042
40101,NEVER,0.063
40103,NEVER,0.069
40105,NEVER,0.148
40107,NEVER,0.112
40109,NEVER,0.096
40111,NEVER,0.078
40113,NEVER,0.077
40115,NEVER,0.154
40117,NEVER,0.178
40119,NEVER,0.083
40121,NEVER,0.117
40123,NEVER,0.029
40125,NEVER,0.042
40127,NEVER,0.077
40129,NEVER,0.109
40131,NEVER,0.097
40133,NEVER,0.095
40135,NEVER,0.106
40137,NEVER,0.041
40139,NEVER,0.123
40141,NEVER,0.042
40143,NEVER,0.074
40145,NEVER,0.032
40147,NEVER,0.118
40149,NEVER,0.024
40151,NEVER,0.165
40153,NEVER,0.146
41001,NEVER,0.051
41003,NEVER,0.007
41005,NEVER,0.016
41007,NEVER,0.052
41009,NEVER,0.048
41011,NEVER,0.128
41013,NEVER,0.019
41015,NEVER,0.025
41017,NEVER,0.01
41019,NEVER,0.082
41021,NEVER,0.008
41023,NEVER,0.014
41025,NEVER,0.032
41027,NEVER,0.03
41029,NEVER,0.044
41031,NEVER,0.018
41033,NEVER,0.028
41035,NEVER,0.097
41037,NEVER,0.05
41039,NEVER,0.031
41041,NEVER,0.001
41043,NEVER,0.057
41045,NEVER,0.071
41047,NEVER,0.029
41049,NEVER,0.026
41051,NEVER,0.013
41053,NEVER,0.013
41055,NEVER,0.008
41057,NEVER,0.125
41059,NEVER,0.043
41061,NEVER,0.034
41063,NEVER,0.041
41065,NEVER,0.019
41067,NEVER,0.006
41069,NEVER,0.023
41071,NEVER,0.021
42001,NEVER,0.039
42003,NEVER,0.017
42005,NEVER,0.027
42007,NEVER,0.015
42009,NEVER,0.014
42011,NEVER,0.036
42013,NEVER,0.041
42015,NEVER,0.042
42017,NEVER,0.014
42019,NEVER,0.035
42021,NEVER,0.026
42023,NEVER,0.147
42025,NEVER,0.013
42027,NEVER,0.017
42029,NEVER,0.006
42031,NEVER,0.057
42033,NEVER,0.051
42035,NEVER,0.014
42037,NEVER,0.02
42039,NEVER,0.024
42041,NEVER,0.031
42043,NEVER,0.032
42045,NEVER,0.01
42047,NEVER,0.055
42049,NEVER,0.016
42051,NEVER,0.053
42053,NEVER,0.016
42055,NEVER,0.023
42057,NEVER,0.013
42059,NEVER,0.104
42061,NEVER,0.07
42063,NEVER,0.015
42065,NEVER,0.083
42067,NEVER,0.065
42069,NEVER,0.007
42071,NEVER,0.037
42073,NEVER,0.034
42075,NEVER,0.026
42077,NEVER,0.014
42079,NEVER,0.016
42081,NEVER,0.062
42083,NEVER,0.012
42085,NEVER,0.028
42087,NEVER,0.084
42089,NEVER,0.019
42091,NEVER,0.016
42093,NEVER,0.042
42095,NEVER,0.015
42097,NEVER,0.064
42099,NEVER,0.035
42101,NEVER,0.023
42103,NEVER,0.01
42105,NEVER,0.061
42107,NEVER,0.066
42109,NEVER,0.062
42111,NEVER,0.041
42113,NEVER,0.025
42115,NEVER,0.046
42117,NEVER,0.098
42119,NEVER,0.078
42121,NEVER,0.004
42123,NEVER,0.009
42125,NEVER,0.052
42127,NEVER,0.004
42129,NEVER,0.017
42131,NEVER,0.035
42133,NEVER,0.018
44001,NEVER,0.007
44003,NEVER,0.016
44005,NEVER,0.004
44007,NEVER,0.022
44009,NEVER,0.012
45001,NEVER,0.117
45003,NEVER,0.1
45005,NEVER,0.172
45007,NEVER,0.069
45009,NEVER,0.167
45011,NEVER,0.169
45013,NEVER,0.038
45015,NEVER,0.05
45017,NEVER,0.06
45019,NEVER,0.036
45021,NEVER,0.088
45023,NEVER,0.151
45025,NEVER,0.117
45027,NEVER,0.083
45029,NEVER,0.088
45031,NEVER,0.153
45033,NEVER,0.156
45035,NEVER,0.071
45037,NEVER,0.099
45039,NEVER,0.046
45041,NEVER,0.114
45043,NEVER,0.04
45045,NEVER,0.049
45047,NEVER,0.074
45049,NEVER,0.13
45051,NEVER,0.086
45053,NEVER,0.129
45055,NEVER,0.062
45057,NEVER,0.067
45059,NEVER,0.09
45061,NEVER,0.123
45063,NEVER,0.044
45065,NEVER,0.072
45067,NEVER,0.28
45069,NEVER,0.155
45071,NEVER,0.078
45073,NEVER,0.142
45075,NEVER,0.135
45077,NEVER,0.066
45079,NEVER,0.03
45081,NEVER,0.053
45083,NEVER,0.06
45085,NEVER,0.128
45087,NEVER,0.14
45089,NEVER,0.034
45091,NEVER,0.057
46003,NEVER,0.239
46005,NEVER,0.234
46007,NEVER,0.147
46009,NEVER,0.108
46011,NEVER,0.04
46013,NEVER,0.256
46015,NEVER,0.163
46017,NEVER,0.161
46019,NEVER,0.12
46021,NEVER,0.155
46023,NEVER,0.117
46025,NEVER,0.211
46027,NEVER,0.091
46029,NEVER,0.185
46031,NEVER,0.144
46033,NEVER,0.132
46035,NEVER,0.249
46037,NEVER,0.256
46039,NEVER,0.136
46041,NEVER,0.069
46043,NEVER,0.189
46045,NEVER,0.217
46047,NEVER,0.141
46049,NEVER,0.205
46051,NEVER,0.259
46053,NEVER,0.113
46055,NEVER,0.117
46057,NEVER,0.119
46059,NEVER,0.182
46061,NEVER,0.185
46063,NEVER,0.105
46065,NEVER,0.091
46067,NEVER,0.129
46069,NEVER,0.142
46071,NEVER,0.129
46073,NEVER,0.233
46075,NEVER,0.115
46077,NEVER,0.128
46079,NEVER,0.11
46081,NEVER,0.124
46083,NEVER,0.078
46085,NEVER,0.13
46087,NEVER,0.113
46089,NEVER,0.204
46091,NEVER,0.196
46093,NEVER,0.123
46095,NEVER,0.136
46097,NEVER,0.16
46099,NEVER,0.087
46101,NEVER,0.078
46102,NEVER,0.15
46103,NEVER,0.127
46105,NEVER,0.132
46107,NEVER,0.131
46109,NEVER,0.241
46111,NEVER,0.252
46115,NEVER,0.232
46117,NEVER,0.08
46119,NEVER,0.084
46121,NEVER,0.147
46123,NEVER,0.142
46125,NEVER,0.084
46127,NEVER,0.082
46129,NEVER,0.14
46135,NEVER,0.109
46137,NEVER,0.105
47001,NEVER,0.088
47003,NEVER,0.164
47005,NEVER,0.169
47007,NEVER,0.082
47009,NEVER,0.069
47011,NEVER,0.121
47013,NEVER,0.059
47015,NEVER,0.209
47017,NEVER,0.179
47019,NEVER,0.115
47021,NEVER,0.018
47023,NEVER,0.108
47025,NEVER,0.163
47027,NEVER,0.099
47029,NEVER,0.197
47031,NEVER,0.165
47033,NEVER,0.14
47035,NEVER,0.096
47037,NEVER,0.02
47039,NEVER,0.175
47041,NEVER,0.157
47043,NEVER,0.054
47045,NEVER,0.175
47047,NEVER,0.022
47049,NEVER,0.123
47051,NEVER,0.166
47053,NEVER,0.182
47055,NEVER,0.061
47057,NEVER,0.126
47059,NEVER,0.125
47061,NEVER,0.142
47063,NEVER,0.157
47065,NEVER,0.116
47067,NEVER,0.148
47069,NEVER,0.035
47071,NEVER,0.142
47073,NEVER,0.118
47075,NEVER,0.086
47077,NEVER,0.127
47079,NEVER,0.092
47081,NEVER,0.063
47083,NEVER,0.108
47085,NEVER,0.121
47087,NEVER,0.138
47089,NEVER,0.151
47091,NEVER,0.107
47093,NEVER,0.036
47095,NEVER,0.133
47097,NEVER,0.064
47099,NEVER,0.074
47101,NEVER,0.098
47103,NEVER,0.126
47105,NEVER,0.041
47107,NEVER,0.077
47109,NEVER,0.107
47111,NEVER,0.146
47113,NEVER,0.1
47115,NEVER,0.115
47117,NEVER,0.219
47119,NEVER,0.119
47121,NEVER,0.08
47123,NEVER,0.07
47125,NEVER,0.083
47127,NEVER,0.173
47129,NEVER,0.08
47131,NEVER,0.117
47133,NEVER,0.12
47135,NEVER,0.18
47137,NEVER,0.105
47139,NEVER,0.089
47141,NEVER,0.16
47143,NEVER,0.096
47145,NEVER,0.074
47147,NEVER,0.187
47149,NEVER,0.081
47151,NEVER,0.121
47153,NEVER,0.108
47155,NEVER,0.039
47157,NEVER,0.034
47159,NEVER,0.088
47161,NEVER,0.071
47163,NEVER,0.096
47165,NEVER,0.104
47167,NEVER,0.081
47169,NEVER,0.112
47171,NEVER,0.049
47173,NEVER,0.086
47175,NEVER,0.145
47177,NEVER,0.14
47179,NEVER,0.061
47181,NEVER,0.089
47183,NEVER,0.093
47185,NEVER,0.185
47187,NEVER,0.019
47189,NEVER,0.105
48001,NEVER,0.172
48003,NEVER,0.09
48005,NEVER,0.121
48007,NEVER,0.006
48009,NEVER,0.081
48011,NEVER,0.08
48013,NEVER,0.001
48015,NEVER,0.006
48017,NEVER,0.018
48019,NEVER,0.073
48021,NEVER,0.007
48023,NEVER,0.066
48025,NEVER,0.001
48027,NEVER,0.01
48029,NEVER,0.015
48031,NEVER,0.005
48033,NEVER,0.039
48035,NEVER,0.031
48037,NEVER,0.058
48039,NEVER,0.021
48041,NEVER,0.012
48043,NEVER,0.011
48045,NEVER,0.105
48047,NEVER,0.061
48049,NEVER,0.085
48051,NEVER,0.02
48053,NEVER,0.031
48055,NEVER,0.001
48057,NEVER,0.019
48059,NEVER,0.049
48061,NEVER,0.035
48063,NEVER,0.017
48065,NEVER,0.099
48067,NEVER,0.034
48069,NEVER,0.057
48071,NEVER,0.027
48073,NEVER,0.123
48075,NEVER,0.147
48077,NEVER,0.066
48079,NEVER,0.029
48081,NEVER,0.039
48083,NEVER,0.053
48085,NEVER,0.021
48087,NEVER,0.239
48089,NEVER,0.004
48091,NEVER,0.007
48093,NEVER,0.045
48095,NEVER,0.012
48097,NEVER,0.118
48099,NEVER,0.015
48101,NEVER,0.107
48103,NEVER,0.08
48105,NEVER,0.026
48107,NEVER,0.031
48109,NEVER,0.125
48111,NEVER,0.119
48113,NEVER,0.024
48115,NEVER,0.03
48117,NEVER,0.063
48119,NEVER,0.04
48121,NEVER,0.016
48123,NEVER,0.003
48125,NEVER,0.032
48127,NEVER,0.021
48129,NEVER,0.139
48131,NEVER,0.122
48133,NEVER,0.055
48135,NEVER,0.085
48137,NEVER,0.016
48139,NEVER,0.027
48141,NEVER,0.007
48143,NEVER,0.017
48145,NEVER,0.009
48147,NEVER,0.117
48149,NEVER,0.006
48151,NEVER,0.097
48153,NEVER,0.049
48155,NEVER,0.045
48157,NEVER,0.024
48159,NEVER,0.013
48161,NEVER,0.025
48163,NEVER,0.136
48165,NEVER,0.121
48167,NEVER,0.033
48169,NEVER,0.034
48171,NEVER,0.095
48173,NEVER,0.069
48175,NEVER,0.001
48177,NEVER,0.001
48179,NEVER,0.139
48181,NEVER,0.064
48183,NEVER,0.053
48185,NEVER,0.025
48187,NEVER,0.027
48189,NEVER,0.066
48191,NEVER,0.179
48193,NEVER,0.019
48195,NEVER,0.136
48197,NEVER,0.042
48199,NEVER,0.021
48201,NEVER,0.019
48203,NEVER,0.086
48205,NEVER,0.1
48207,NEVER,0.087
48209,NEVER,0
48211,NEVER,0.189
48213,NEVER,0.043
48215,NEVER,0.055
48217,NEVER,0.047
48219,NEVER,0.031
48221,NEVER,0.009
48223,NEVER,0.054
48225,NEVER,0.182
48227,NEVER,0.063
48229,NEVER,0.013
48231,NEVER,0.069
48233,NEVER,0.112
48235,NEVER,0.009
48237,NEVER,0.009
48239,NEVER,0.02
48241,NEVER,0.04
48243,NEVER,0.009
48245,NEVER,0.036
48247,NEVER,0.071
48249,NEVER,0.057
48251,NEVER,0.024
48253,NEVER,0.064
48255,NEVER,0
48257,NEVER,0.063
48259,NEVER,0.002
48261,NEVER,0.04
48263,NEVER,0.069
48265,NEVER,0.059
48267,NEVER,0.036
48269,NEVER,0.065
48271,NEVER,0.004
48273,NEVER,0.063
48275,NEVER,0.063
48277,NEVER,0.054
48279,NEVER,0.038
48281,NEVER,0.024
48283,NEVER,0.152
48285,NEVER,0.008
48287,NEVER,0.035
48289,NEVER,0.089
48291,NEVER,0.019
48293,NEVER,0.005
48295,NEVER,0.147
48297,NEVER,0.005
48299,NEVER,0.08
48301,NEVER,0.109
48303,NEVER,0.031
48305,NEVER,0.032
48307,NEVER,0.031
48309,NEVER,0.022
48311,NEVER,0.043
48313,NEVER,0.065
48315,NEVER,0.076
48317,NEVER,0.075
48319,NEVER,0.043
48321,NEVER,0.004
48323,NEVER,0.005
48325,NEVER,0.006
48327,NEVER,0.013
48329,NEVER,0.083
48331,NEVER,0.006
48333,NEVER,0.041
48335,NEVER,0.168
48337,NEVER,0.041
48339,NEVER,0.031
48341,NEVER,0.101
48343,NEVER,0.038
48345,NEVER,0.067
48347,NEVER,0.094
48349,NEVER,0.006
48351,NEVER,0.057
48353,NEVER,0.09
48355,NEVER,0.024
48357,NEVER,0.15
48359,NEVER,0.084
48361,NEVER,0.051
48363,NEVER,0.027
48365,NEVER,0.027
48367,NEVER,0.02
48369,NEVER,0.033
48371,NEVER,0.05
48373,NEVER,0.016
48375,NEVER,0.067
48377,NEVER,0.003
48379,NEVER,0.143
48381,NEVER,0.063
48383,NEVER,0.058
48385,NEVER,0.03
48387,NEVER,0.059
48389,NEVER,0.07
48391,NEVER,0.002
48393,NEVER,0.16
48395,NEVER,0.014
48397,NEVER,0.033
48399,NEVER,0.033
48401,NEVER,0.038
48403,NEVER,0.105
48405,NEVER,0.096
48407,NEVER,0.009
48409,NEVER,0.015
48411,NEVER,0.026
48413,NEVER,0.002
48415,NEVER,0.143
48417,NEVER,0.061
48419,NEVER,0.025
48421,NEVER,0.125
48423,NEVER,0.108
48425,NEVER,0.027
48427,NEVER,0.039
48429,NEVER,0.058
48431,NEVER,0.032
48433,NEVER,0.084
48435,NEVER,0.009
48437,NEVER,0.084
48439,NEVER,0.023
48441,NEVER,0.054
48443,NEVER,0.021
48445,NEVER,0.034
48447,NEVER,0.073
48449,NEVER,0.019
48451,NEVER,0.007
48453,NEVER,0.015
48455,NEVER,0.052
48457,NEVER,0.021
48459,NEVER,0.051
48461,NEVER,0.077
48463,NEVER,0.014
48465,NEVER,0.003
48467,NEVER,0.138
48469,NEVER,0.008
48471,NEVER,0.029
48473,NEVER,0.016
48475,NEVER,0.08
48477,NEVER,0.02
48479,NEVER,0.033
48481,NEVER,0.011
48483,NEVER,0.23
48485,NEVER,0.073
48487,NEVER,0.046
48489,NEVER,0.034
48491,NEVER,0.016
48493,NEVER,0
48495,NEVER,0.087
48497,NEVER,0.008
48499,NEVER,0.046
48501,NEVER,0.084
48503,NEVER,0.062
48505,NEVER,0.047
48507,NEVER,0.036
49001,NEVER,0.099
49003,NEVER,0.084
49005,NEVER,0.09
49007,NEVER,0.107
49009,NEVER,0.091
49011,NEVER,0.035
49013,NEVER,0.051
49015,NEVER,0.122
49017,NEVER,0.062
49019,NEVER,0.056
49021,NEVER,0.065
49023,NEVER,0.335
49025,NEVER,0.061
49027,NEVER,0.432
49029,NEVER,0.092
49031,NEVER,0.097
49033,NEVER,0.077
49035,NEVER,0.028
49037,NEVER,0.04
49039,NEVER,0.107
49041,NEVER,0.152
49043,NEVER,0.018
49045,NEVER,0.002
49047,NEVER,0.121
49049,NEVER,0.068
49051,NEVER,0.039
49053,NEVER,0.034
49055,NEVER,0.068
49057,NEVER,0.066
50001,NEVER,0.029
50003,NEVER,0.028
50005,NEVER,0.076
50007,NEVER,0.031
50009,NEVER,0.054
50011,NEVER,0.042
50013,NEVER,0.031
50015,NEVER,0.027
50017,NEVER,0.029
50019,NEVER,0.07
50021,NEVER,0.031
50023,NEVER,0.051
50025,NEVER,0.075
50027,NEVER,0.061
51001,NEVER,0.001
51003,NEVER,0.023
51005,NEVER,0.145
51007,NEVER,0.013
51009,NEVER,0.064
51011,NEVER,0.063
51013,NEVER,0.01
51015,NEVER,0.029
51017,NEVER,0.099
51019,NEVER,0.052
51021,NEVER,0.081
51023,NEVER,0.043
51025,NEVER,0.006
51027,NEVER,0.037
51029,NEVER,0.02
51031,NEVER,0.07
51033,NEVER,0.047
51035,NEVER,0.064
51036,NEVER,0.017
51037,NEVER,0.084
51041,NEVER,0.026
51043,NEVER,0.013
51045,NEVER,0.017
51047,NEVER,0.053
51049,NEVER,0.012
51051,NEVER,0.031
51053,NEVER,0.022
51057,NEVER,0.016
51059,NEVER,0.018
51061,NEVER,0.04
51063,NEVER,0.079
51065,NEVER,0.037
51067,NEVER,0.074
51069,NEVER,0.026
51071,NEVER,0.066
51073,NEVER,0.003
51075,NEVER,0.034
51077,NEVER,0.141
51079,NEVER,0.011
51081,NEVER,0.014
51083,NEVER,0.092
51085,NEVER,0.043
51087,NEVER,0.04
51089,NEVER,0.063
51091,NEVER,0.059
51093,NEVER,0.039
51095,NEVER,0.006
51097,NEVER,0.007
51099,NEVER,0.151
51101,NEVER,0.012
51103,NEVER,0.001
51105,NEVER,0.107
51107,NEVER,0.014
51109,NEVER,0.025
51111,NEVER,0.068
51113,NEVER,0.017
51115,NEVER,0.001
51117,NEVER,0.063
51119,NEVER,0.001
51121,NEVER,0.056
51125,NEVER,0.011
51127,NEVER,0.008
51131,NEVER,0.001
51133,NEVER,0.017
51135,NEVER,0.044
51137,NEVER,0.033
51139,NEVER,0.025
51141,NEVER,0.042
51143,NEVER,0.106
51145,NEVER,0.012
51147,NEVER,0.059
51149,NEVER,0.033
51153,NEVER,0.047
51155,NEVER,0.083
51157,NEVER,0.023
51159,NEVER,0.015
51161,NEVER,0.065
51163,NEVER,0.015
51165,NEVER,0.034
51167,NEVER,0.082
51169,NEVER,0.074
51171,NEVER,0.023
51173,NEVER,0.087
51175,NEVER,0.019
51177,NEVER,0.05
51179,NEVER,0.045
51181,NEVER,0.006
51183,NEVER,0.012
51185,NEVER,0.062
51187,NEVER,0.027
51191,NEVER,0.123
51193,NEVER,0.079
51195,NEVER,0.025
51197,NEVER,0.096
51199,NEVER,0.006
51510,NEVER,0.032
51520,NEVER,0.174
51530,NEVER,0.018
51540,NEVER,0.023
51550,NEVER,0.018
51570,NEVER,0.044
51580,NEVER,0.184
51590,NEVER,0.087
51595,NEVER,0.015
51600,NEVER,0.025
51610,NEVER,0.007
51620,NEVER,0.01
51630,NEVER,0.038
51640,NEVER,0.071
51650,NEVER,0.008
51660,NEVER,0.029
51670,NEVER,0.038
51678,NEVER,0.01
51680,NEVER,0.07
51683,NEVER,0.033
51685,NEVER,0.071
51690,NEVER,0.063
51700,NEVER,0.01
51710,NEVER,0.004
51720,NEVER,0.017
51730,NEVER,0.034
51735,NEVER,0.004
51740,NEVER,0
51750,NEVER,0.075
51760,NEVER,0.06
51770,NEVER,0.07
51775,NEVER,0.064
51790,NEVER,0.027
51800,NEVER,0.007
51810,NEVER,0.017
51820,NEVER,0.027
51830,NEVER,0.005
51840,NEVER,0.025
53001,NEVER,0.077
53003,NEVER,0.014
53005,NEVER,0.084
53007,NEVER,0.062
53009,NEVER,0.001
53011,NEVER,0.02
53013,NEVER,0.08
53015,NEVER,0.041
53017,NEVER,0.067
53019,NEVER,0.082
53021,NEVER,0.106
53023,NEVER,0.031
53025,NEVER,0.032
53027,NEVER,0.03
53029,NEVER,0.015
53031,NEVER,0.011
53033,NEVER,0.016
53035,NEVER,0.024
53037,NEVER,0.032
53039,NEVER,0.038
53041,NEVER,0.033
53043,NEVER,0.017
53045,NEVER,0.011
53047,NEVER,0.042
53049,NEVER,0.082
53051,NEVER,0.027
53053,NEVER,0.028
53055,NEVER,0.015
53057,NEVER,0.035
53059,NEVER,0.019
53061,NEVER,0.017
53063,NEVER,0.033
53065,NEVER,0.05
53067,NEVER,0.022
53069,NEVER,0.045
53071,NEVER,0.083
53073,NEVER,0.042
53075,NEVER,0.002
53077,NEVER,0.012
54001,NEVER,0.092
54003,NEVER,0.065
54005,NEVER,0.097
54007,NEVER,0.102
54009,NEVER,0.067
54011,NEVER,0.092
54013,NEVER,0.085
54015,NEVER,0.098
54017,NEVER,0.187
54019,NEVER,0.14
54021,NEVER,0.141
54023,NEVER,0.1
54025,NEVER,0.07
54027,NEVER,0.021
54029,NEVER,0.072
54031,NEVER,0.039
54033,NEVER,0.132
54035,NEVER,0.111
54037,NEVER,0.041
54039,NEVER,0.145
54041,NEVER,0.161
54043,NEVER,0.091
54045,NEVER,0.082
54047,NEVER,0.07
54049,NEVER,0.069
54051,NEVER,0.075
54053,NEVER,0.081
54055,NEVER,0.076
54057,NEVER,0.033
54059,NEVER,0.084
54061,NEVER,0.046
54063,NEVER,0.048
54065,NEVER,0.025
54067,NEVER,0.06
54069,NEVER,0.108
54071,NEVER,0.06
54073,NEVER,0.088
54075,NEVER,0.075
54077,NEVER,0.057
54079,NEVER,0.087
54081,NEVER,0.087
54083,NEVER,0.098
54085,NEVER,0.141
54087,NEVER,0.082
54089,NEVER,0.053
54091,NEVER,0.072
54093,NEVER,0.108
54095,NEVER,0.083
54097,NEVER,0.131
54099,NEVER,0.111
54101,NEVER,0.065
54103,NEVER,0.051
54105,NEVER,0.112
54107,NEVER,0.094
54109,NEVER,0.073
55001,NEVER,0.163
55003,NEVER,0.078
55005,NEVER,0.138
55007,NEVER,0.067
55009,NEVER,0.069
55011,NEVER,0.039
55013,NEVER,0.097
55015,NEVER,0.064
55017,NEVER,0.059
55019,NEVER,0.162
55021,NEVER,0.035
55023,NEVER,0.202
55025,NEVER,0.017
55027,NEVER,0.11
55029,NEVER,0.021
55031,NEVER,0.044
55033,NEVER,0.062
55035,NEVER,0.042
55037,NEVER,0.053
55039,NEVER,0.121
55041,NEVER,0.085
55043,NEVER,0.103
55045,NEVER,0.092
55047,NEVER,0.092
55049,NEVER,0.065
55051,NEVER,0.04
55053,NEVER,0.027
55055,NEVER,0.114
55057,NEVER,0.113
55059,NEVER,0.077
55061,NEVER,0.033
55063,NEVER,0.064
55065,NEVER,0.056
55067,NEVER,0.085
55069,NEVER,0.101
55071,NEVER,0.175
55073,NEVER,0.123
55075,NEVER,0.093
55077,NEVER,0.174
55078,NEVER,0.042
55079,NEVER,0.053
55081,NEVER,0.073
55083,NEVER,0.07
55085,NEVER,0.057
55087,NEVER,0.085
55089,NEVER,0.076
55091,NEVER,0.071
55093,NEVER,0.063
55095,NEVER,0.081
55097,NEVER,0.157
55099,NEVER,0.059
55101,NEVER,0.061
55103,NEVER,0.312
55105,NEVER,0.023
55107,NEVER,0.095
55109,NEVER,0.101
55111,NEVER,0.063
55113,NEVER,0.058
55115,NEVER,0.05
55117,NEVER,0.128
55119,NEVER,0.201
55121,NEVER,0.02
55123,NEVER,0.157
55125,NEVER,0.051
55127,NEVER,0.116
55129,NEVER,0.082
55131,NEVER,0.031
55133,NEVER,0.071
55135,NEVER,0.076
55137,NEVER,0.109
55139,NEVER,0.074
55141,NEVER,0.131
56001,NEVER,0.136
56003,NEVER,0.182
56005,NEVER,0.216
56007,NEVER,0.044
56009,NEVER,0.138
56011,NEVER,0.145
56013,NEVER,0.16
56015,NEVER,0.201
56017,NEVER,0.208
56019,NEVER,0.183
56021,NEVER,0.143
56023,NEVER,0.131
56025,NEVER,0.1
56027,NEVER,0.169
56029,NEVER,0.189
56031,NEVER,0.149
56033,NEVER,0.17
56035,NEVER,0.223
56037,NEVER,0.061
56039,NEVER,0.095
56041,NEVER,0.098
56043,NEVER,0.204
56045,NEVER,0.142