Lab Report Date,Health District,Number of PCR Testing Encounters,Number of Positive PCR Testing Encounters,Percentage of +ve PCR tests,Percentage of total tests given were PCR tests,Total Number of Positive Testing Encounters,Total Number of Testing Encounters
,Chesapeake,224,32,14.285714286,99.115044248,32,226
3/4/2020,Chesapeake,1,0,0,100,0,1
3/11/2020,Chesapeake,3,0,0,100,0,3
3/12/2020,Chesapeake,4,0,0,100,0,4
3/13/2020,Chesapeake,1,0,0,100,0,1
3/14/2020,Chesapeake,3,0,0,100,0,3
3/16/2020,Chesapeake,8,0,0,100,0,8
3/18/2020,Chesapeake,15,0,0,100,0,15
3/19/2020,Chesapeake,23,1,4.347826087,100,1,23
3/20/2020,Chesapeake,14,0,0,100,0,14
3/21/2020,Chesapeake,78,0,0,100,0,78
3/22/2020,Chesapeake,18,1,5.555555556,100,1,18
3/23/2020,Chesapeake,23,0,0,100,0,23
3/24/2020,Chesapeake,29,2,6.896551724,100,2,29
3/25/2020,Chesapeake,29,1,3.448275862,100,1,29
3/26/2020,Chesapeake,24,5,20.833333333,100,5,24
3/27/2020,Chesapeake,59,4,6.779661017,100,4,59
3/28/2020,Chesapeake,25,7,28,100,7,25
3/29/2020,Chesapeake,40,5,12.5,100,5,40
3/30/2020,Chesapeake,42,4,9.523809524,100,4,42
3/31/2020,Chesapeake,40,10,25,100,10,40
4/1/2020,Chesapeake,70,15,21.428571429,100,15,70
4/2/2020,Chesapeake,57,12,21.052631579,100,12,57
4/3/2020,Chesapeake,90,10,11.111111111,100,10,90
4/4/2020,Chesapeake,67,10,14.925373134,100,10,67
4/5/2020,Chesapeake,92,8,8.695652174,100,8,92
4/6/2020,Chesapeake,62,15,24.193548387,100,15,62
4/7/2020,Chesapeake,67,6,8.955223881,100,6,67
4/8/2020,Chesapeake,49,9,18.367346939,100,9,49
4/9/2020,Chesapeake,36,4,11.111111111,100,4,36
4/10/2020,Chesapeake,39,4,10.256410256,100,4,39
4/11/2020,Chesapeake,45,4,8.888888889,100,4,45
4/12/2020,Chesapeake,76,12,15.789473684,100,12,76
4/13/2020,Chesapeake,37,4,10.810810811,100,4,37
4/14/2020,Chesapeake,37,6,16.216216216,100,6,37
4/15/2020,Chesapeake,49,3,6.122448980,100,3,49
4/16/2020,Chesapeake,50,5,10,100,5,50
4/17/2020,Chesapeake,52,10,19.230769231,100,10,52
4/18/2020,Chesapeake,54,8,14.814814815,100,8,54
4/19/2020,Chesapeake,49,13,26.530612245,100,13,49
4/20/2020,Chesapeake,23,6,26.086956522,100,6,23
4/21/2020,Chesapeake,26,7,26.923076923,100,7,26
4/22/2020,Chesapeake,107,8,7.476635514,100,8,107
4/23/2020,Chesapeake,91,7,7.692307692,100,7,91
4/24/2020,Chesapeake,100,15,15,94.339622642,15,106
4/25/2020,Chesapeake,86,11,12.790697674,98.850574713,11,87
4/26/2020,Chesapeake,52,4,7.692307692,98.113207547,4,53
4/27/2020,Chesapeake,68,0,0,100,0,68
4/28/2020,Chesapeake,138,17,12.318840580,98.571428571,17,140
4/29/2020,Chesapeake,157,28,17.834394904,95.151515152,28,165
4/30/2020,Chesapeake,135,17,12.592592593,93.103448276,18,145
5/1/2020,Chesapeake,191,21,10.994764398,91.826923077,21,208
5/2/2020,Chesapeake,90,5,5.555555556,84.112149533,5,107
5/3/2020,Chesapeake,76,9,11.842105263,90.476190476,9,84
5/4/2020,Chesapeake,75,10,13.333333333,97.402597403,10,77
5/5/2020,Chesapeake,243,26,10.699588477,95.669291339,26,254
5/6/2020,Chesapeake,335,17,5.074626866,95.714285714,18,350
5/7/2020,Chesapeake,170,13,7.647058824,89.005235602,13,191
5/8/2020,Chesapeake,178,7,3.932584270,88.557213930,9,201
5/9/2020,Chesapeake,125,11,8.8,82.236842105,12,152
5/10/2020,Chesapeake,131,7,5.343511450,94.244604317,7,139
5/11/2020,Chesapeake,100,5,5,96.153846154,5,104
5/12/2020,Chesapeake,240,16,6.666666667,93.75,16,256
5/13/2020,Chesapeake,202,15,7.425742574,93.518518519,15,216
5/14/2020,Chesapeake,258,9,3.488372093,86.287625418,10,299
5/15/2020,Chesapeake,273,11,4.029304029,90.397350993,11,302
5/16/2020,Chesapeake,366,19,5.191256831,92.191435768,19,397
5/17/2020,Chesapeake,167,8,4.790419162,90.270270270,8,185
5/18/2020,Chesapeake,72,6,8.333333333,100,6,72
5/19/2020,Chesapeake,236,12,5.084745763,93.280632411,12,253
5/20/2020,Chesapeake,243,15,6.172839506,85.263157895,16,285
5/21/2020,Chesapeake,135,15,11.111111111,81.325301205,17,166
5/22/2020,Chesapeake,215,10,4.651162791,88.114754098,10,244
5/23/2020,Chesapeake,239,16,6.694560669,87.545787546,16,273
5/24/2020,Chesapeake,213,11,5.164319249,92.608695652,13,230
5/25/2020,Chesapeake,68,13,19.117647059,100,13,68
5/26/2020,Chesapeake,115,12,10.434782609,100,12,115
5/27/2020,Chesapeake,285,23,8.070175439,94.059405941,24,303
5/28/2020,Chesapeake,277,21,7.581227437,89.354838710,23,310
5/29/2020,Chesapeake,523,18,3.441682600,91.915641476,21,569
5/30/2020,Chesapeake,221,10,4.524886878,83.082706767,13,266
5/31/2020,Chesapeake,158,9,5.696202532,83.157894737,12,190
6/1/2020,Chesapeake,92,9,9.782608696,100,9,92
6/2/2020,Chesapeake,267,12,4.494382022,96.043165468,12,278
6/3/2020,Chesapeake,248,13,5.241935484,91.512915129,13,271
6/4/2020,Chesapeake,229,16,6.986899563,84.191176471,18,272
6/5/2020,Chesapeake,220,7,3.181818182,90.163934426,7,244
6/6/2020,Chesapeake,496,14,2.822580645,94.837476099,14,523
6/7/2020,Chesapeake,357,15,4.201680672,96.486486486,17,370
6/8/2020,Chesapeake,453,14,3.090507726,99.560439560,14,455
6/9/2020,Chesapeake,527,11,2.087286528,98.320895522,11,536
6/10/2020,Chesapeake,1217,20,1.643385374,97.829581994,20,1244
6/11/2020,Chesapeake,581,16,2.753872633,97.811447811,16,594
6/12/2020,Chesapeake,206,14,6.796116505,88.034188034,14,234
6/13/2020,Chesapeake,321,21,6.542056075,89.415041783,21,359
6/14/2020,Chesapeake,151,12,7.947019868,91.515151515,14,165
6/15/2020,Chesapeake,197,3,1.522842640,98.994974874,3,199
6/16/2020,Chesapeake,268,17,6.343283582,95.035460993,17,282
6/17/2020,Chesapeake,378,29,7.671957672,92.195121951,29,410
6/18/2020,Chesapeake,249,11,4.417670683,92.565055762,11,269
6/19/2020,Chesapeake,132,8,6.060606061,79.041916168,9,167
6/20/2020,Chesapeake,637,54,8.477237049,98,54,650
6/21/2020,Chesapeake,348,15,4.310344828,96.666666667,16,360
6/22/2020,Chesapeake,168,7,4.166666667,96.551724138,7,174
6/23/2020,Chesapeake,875,31,3.542857143,98.425196850,31,889
6/24/2020,Chesapeake,321,18,5.607476636,90.422535211,21,355
6/25/2020,Chesapeake,263,18,6.844106464,94.945848375,18,277
6/26/2020,Chesapeake,220,10,4.545454545,90.163934426,10,244
6/27/2020,Chesapeake,337,26,7.715133531,91.576086957,26,368
6/28/2020,Chesapeake,404,30,7.425742574,98.296836983,31,411
6/29/2020,Chesapeake,183,15,8.196721311,98.918918919,15,185
6/30/2020,Chesapeake,338,30,8.875739645,87.792207792,32,385
7/1/2020,Chesapeake,349,51,14.613180516,90.414507772,54,386
7/2/2020,Chesapeake,339,38,11.209439528,85.822784810,39,395
7/3/2020,Chesapeake,229,21,9.170305677,90.873015873,22,252
7/4/2020,Chesapeake,311,31,9.967845659,96.284829721,31,323
7/5/2020,Chesapeake,312,33,10.576923077,99.047619048,33,315
7/6/2020,Chesapeake,174,27,15.517241379,100,27,174
7/7/2020,Chesapeake,415,55,13.253012048,93.468468468,57,444
7/8/2020,Chesapeake,590,77,13.050847458,89.802130898,81,657
7/9/2020,Chesapeake,407,52,12.776412776,89.059080963,55,457
7/10/2020,Chesapeake,386,63,16.321243523,84.835164835,63,455
7/11/2020,Chesapeake,559,99,17.710196780,96.213425129,99,581
7/12/2020,Chesapeake,615,72,11.707317073,98.874598071,73,622
7/13/2020,Chesapeake,472,70,14.830508475,99.578059072,70,474
7/14/2020,Chesapeake,623,74,11.878009631,94.680851064,76,658
7/15/2020,Chesapeake,495,58,11.717171717,87.610619469,61,565
7/16/2020,Chesapeake,561,68,12.121212121,95.733788396,68,586
7/17/2020,Chesapeake,686,91,13.265306122,95.013850416,100,722
7/18/2020,Chesapeake,542,83,15.313653137,96.269982238,85,563
7/19/2020,Chesapeake,496,48,9.677419355,97.830374753,50,507
7/20/2020,Chesapeake,507,72,14.201183432,98.065764023,73,517
7/21/2020,Chesapeake,634,92,14.511041009,97.688751926,93,649
7/22/2020,Chesapeake,730,111,15.205479452,97.074468085,112,752
7/23/2020,Chesapeake,658,80,12.158054711,96.622613803,81,681
7/24/2020,Chesapeake,595,76,12.773109244,95.2,77,625
7/25/2020,Chesapeake,539,86,15.955473098,96.25,89,560
7/26/2020,Chesapeake,541,79,14.602587800,94.580419580,81,572
7/27/2020,Chesapeake,346,52,15.028901734,99.711815562,52,347
7/28/2020,Chesapeake,368,42,11.413043478,96.335078534,42,382
7/29/2020,Chesapeake,749,110,14.686248331,96.396396396,114,777
7/30/2020,Chesapeake,581,77,13.253012048,96.033057851,78,605
7/31/2020,Chesapeake,708,119,16.807909605,97.790055249,121,724
8/1/2020,Chesapeake,544,66,12.132352941,97.491039427,67,558
8/2/2020,Chesapeake,409,54,13.202933985,97.149643705,55,421
8/3/2020,Chesapeake,337,43,12.759643917,100,43,337
8/4/2020,Chesapeake,249,27,10.843373494,98.031496063,27,254
8/5/2020,Chesapeake,528,64,12.121212121,93.286219081,69,566
8/6/2020,Chesapeake,515,86,16.699029126,97.908745247,86,526
8/7/2020,Chesapeake,552,53,9.601449275,97.183098592,55,568
8/8/2020,Chesapeake,519,66,12.716763006,96.111111111,68,540
8/9/2020,Chesapeake,428,62,14.485981308,96.832579186,68,442
8/10/2020,Chesapeake,377,41,10.875331565,99.472295515,41,379
8/11/2020,Chesapeake,518,64,12.355212355,95.395948435,68,543
8/12/2020,Chesapeake,509,61,11.984282908,96.037735849,62,530
8/13/2020,Chesapeake,471,40,8.492569002,97.113402062,41,485
8/14/2020,Chesapeake,572,61,10.664335664,96.949152542,62,590
8/15/2020,Chesapeake,372,55,14.784946237,94.656488550,58,393
8/16/2020,Chesapeake,311,21,6.752411576,96.583850932,21,322
8/17/2020,Chesapeake,405,52,12.839506173,99.753694581,52,406
8/18/2020,Chesapeake,249,34,13.654618474,93.962264151,34,265
8/19/2020,Chesapeake,489,52,10.633946830,96.831683168,54,505
8/20/2020,Chesapeake,423,44,10.401891253,96.796338673,44,437
8/21/2020,Chesapeake,315,43,13.650793651,96.036585366,43,328
8/22/2020,Chesapeake,431,53,12.296983759,95.143487859,55,453
8/23/2020,Chesapeake,383,46,12.010443864,96.231155779,49,398
8/24/2020,Chesapeake,235,37,15.744680851,99.576271186,37,236
8/25/2020,Chesapeake,269,29,10.780669145,98.175182482,31,274
8/26/2020,Chesapeake,465,52,11.182795699,97.894736842,55,475
8/27/2020,Chesapeake,339,52,15.339233038,94.428969359,54,359
8/28/2020,Chesapeake,370,30,8.108108108,97.883597884,32,378
8/29/2020,Chesapeake,364,23,6.318681319,95.287958115,29,382
8/30/2020,Chesapeake,257,21,8.171206226,97.718631179,22,263
8/31/2020,Chesapeake,271,27,9.963099631,99.632352941,28,272
9/1/2020,Chesapeake,254,14,5.511811024,96.577946768,16,263
9/2/2020,Chesapeake,484,42,8.677685950,97.975708502,43,494
9/3/2020,Chesapeake,522,51,9.770114943,97.936210131,52,533
9/4/2020,Chesapeake,476,26,5.462184874,98.550724638,28,483
9/5/2020,Chesapeake,363,21,5.785123967,97.580645161,22,372
9/6/2020,Chesapeake,318,23,7.232704403,100,23,318
9/7/2020,Chesapeake,156,20,12.820512821,99.363057325,20,157
9/8/2020,Chesapeake,319,15,4.702194357,99.376947040,15,321
9/9/2020,Chesapeake,652,21,3.220858896,98.937784522,21,659
9/10/2020,Chesapeake,617,25,4.051863857,99.036918138,28,623
9/11/2020,Chesapeake,407,21,5.159705160,96.445497630,22,422
9/12/2020,Chesapeake,397,18,4.534005038,98.267326733,18,404
9/13/2020,Chesapeake,349,22,6.303724928,98.866855524,22,353
9/14/2020,Chesapeake,269,15,5.576208178,98.897058824,15,272
9/15/2020,Chesapeake,538,14,2.602230483,99.629629630,14,540
9/16/2020,Chesapeake,607,25,4.118616145,97.12,30,625
9/17/2020,Chesapeake,486,22,4.526748971,98.780487805,22,492
9/18/2020,Chesapeake,502,25,4.980079681,98.624754420,25,509
9/19/2020,Chesapeake,276,20,7.246376812,96.842105263,21,285
9/20/2020,Chesapeake,227,9,3.964757709,97.424892704,10,233
9/21/2020,Chesapeake,402,20,4.975124378,99.014778325,21,406
9/22/2020,Chesapeake,439,14,3.189066059,98.651685393,14,445
9/23/2020,Chesapeake,692,25,3.612716763,98.295454545,28,704
9/24/2020,Chesapeake,359,18,5.013927577,96.505376344,21,372
9/25/2020,Chesapeake,343,13,3.790087464,97.720797721,13,351
9/26/2020,Chesapeake,323,17,5.263157895,98.176291793,17,329
9/27/2020,Chesapeake,160,6,3.75,98.159509202,6,163
,Norfolk,142,14,9.859154930,97.260273973,14,146
3/10/2020,Norfolk,1,0,0,100,0,1
3/11/2020,Norfolk,5,0,0,100,0,5
3/12/2020,Norfolk,8,0,0,100,0,8
3/13/2020,Norfolk,6,0,0,100,0,6
3/14/2020,Norfolk,6,0,0,100,0,6
3/16/2020,Norfolk,27,0,0,100,0,27
3/17/2020,Norfolk,3,0,0,100,0,3
3/18/2020,Norfolk,27,1,3.703703704,100,1,27
3/19/2020,Norfolk,20,0,0,100,0,20
3/20/2020,Norfolk,17,0,0,100,0,17
3/21/2020,Norfolk,62,2,3.225806452,100,2,62
3/22/2020,Norfolk,20,1,5,100,1,20
3/23/2020,Norfolk,20,1,5,100,1,20
3/24/2020,Norfolk,28,0,0,100,0,28
3/25/2020,Norfolk,35,3,8.571428571,100,3,35
3/26/2020,Norfolk,32,1,3.125,100,1,32
3/27/2020,Norfolk,58,4,6.896551724,100,4,58
3/28/2020,Norfolk,41,3,7.317073171,100,3,41
3/29/2020,Norfolk,49,6,12.244897959,100,6,49
3/30/2020,Norfolk,58,4,6.896551724,100,4,58
3/31/2020,Norfolk,40,9,22.5,100,9,40
4/1/2020,Norfolk,67,3,4.477611940,100,3,67
4/2/2020,Norfolk,47,11,23.404255319,100,11,47
4/3/2020,Norfolk,80,7,8.75,100,7,80
4/4/2020,Norfolk,48,5,10.416666667,100,5,48
4/5/2020,Norfolk,95,5,5.263157895,100,5,95
4/6/2020,Norfolk,70,9,12.857142857,100,9,70
4/7/2020,Norfolk,57,4,7.017543860,100,4,57
4/8/2020,Norfolk,59,11,18.644067797,100,11,59
4/9/2020,Norfolk,60,3,5,100,3,60
4/10/2020,Norfolk,41,3,7.317073171,100,3,41
4/11/2020,Norfolk,27,2,7.407407407,100,2,27
4/12/2020,Norfolk,46,7,15.217391304,100,7,46
4/13/2020,Norfolk,34,2,5.882352941,100,2,34
4/14/2020,Norfolk,31,4,12.903225806,100,4,31
4/15/2020,Norfolk,55,6,10.909090909,100,6,55
4/16/2020,Norfolk,44,9,20.454545455,100,9,44
4/17/2020,Norfolk,56,2,3.571428571,100,2,56
4/18/2020,Norfolk,45,5,11.111111111,100,5,45
4/19/2020,Norfolk,46,4,8.695652174,100,4,46
4/20/2020,Norfolk,35,6,17.142857143,100,6,35
4/21/2020,Norfolk,20,5,25,100,5,20
4/22/2020,Norfolk,72,8,11.111111111,81.818181818,10,88
4/23/2020,Norfolk,186,11,5.913978495,99.465240642,12,187
4/24/2020,Norfolk,250,23,9.2,100,23,250
4/25/2020,Norfolk,222,3,1.351351351,97.797356828,3,227
4/26/2020,Norfolk,88,4,4.545454545,100,4,88
4/27/2020,Norfolk,221,8,3.619909502,100,8,221
4/28/2020,Norfolk,243,5,2.057613169,99.183673469,5,245
4/29/2020,Norfolk,240,9,3.75,95.238095238,10,252
4/30/2020,Norfolk,236,7,2.966101695,93.650793651,9,252
5/1/2020,Norfolk,478,16,3.347280335,93.177387914,17,513
5/2/2020,Norfolk,551,25,4.537205082,95.493934142,27,577
5/3/2020,Norfolk,149,14,9.395973154,79.679144385,15,187
5/4/2020,Norfolk,123,14,11.382113821,97.619047619,14,126
5/5/2020,Norfolk,192,12,6.25,91.866028708,13,209
5/6/2020,Norfolk,337,14,4.154302671,91.081081081,15,370
5/7/2020,Norfolk,240,18,7.5,86.956521739,20,276
5/8/2020,Norfolk,226,8,3.539823009,81.294964029,11,278
5/9/2020,Norfolk,310,22,7.096774194,91.715976331,25,338
5/10/2020,Norfolk,198,14,7.070707071,95.652173913,15,207
5/11/2020,Norfolk,156,6,3.846153846,93.975903614,7,166
5/12/2020,Norfolk,140,3,2.142857143,79.096045198,4,177
5/13/2020,Norfolk,249,15,6.024096386,88.297872340,17,282
5/14/2020,Norfolk,192,10,5.208333333,82.403433476,13,233
5/15/2020,Norfolk,152,6,3.947368421,80,9,190
5/16/2020,Norfolk,221,17,7.692307692,92.083333333,17,240
5/17/2020,Norfolk,362,78,21.546961326,97.574123989,78,371
5/18/2020,Norfolk,124,14,11.290322581,99.2,14,125
5/19/2020,Norfolk,157,12,7.643312102,86.740331492,12,181
5/20/2020,Norfolk,282,20,7.092198582,88.679245283,24,318
5/21/2020,Norfolk,184,26,14.130434783,88.461538462,27,208
5/22/2020,Norfolk,189,15,7.936507937,91.304347826,15,207
5/23/2020,Norfolk,205,18,8.780487805,85.416666667,18,240
5/24/2020,Norfolk,213,19,8.920187793,90.254237288,19,236
5/25/2020,Norfolk,139,4,2.877697842,97.202797203,4,143
5/26/2020,Norfolk,142,8,5.633802817,100,8,142
5/27/2020,Norfolk,284,33,11.619718310,85.800604230,35,331
5/28/2020,Norfolk,260,18,6.923076923,86.092715232,18,302
5/29/2020,Norfolk,247,14,5.668016194,84.300341297,15,293
5/30/2020,Norfolk,169,9,5.325443787,84.079601990,9,201
5/31/2020,Norfolk,159,12,7.547169811,93.529411765,12,170
6/1/2020,Norfolk,220,11,5,99.099099099,11,222
6/2/2020,Norfolk,318,10,3.144654088,95.209580838,11,334
6/3/2020,Norfolk,289,26,8.996539792,96.655518395,27,299
6/4/2020,Norfolk,243,12,4.938271605,90,12,270
6/5/2020,Norfolk,331,15,4.531722054,92.717086835,15,357
6/6/2020,Norfolk,266,12,4.511278195,91.095890411,12,292
6/7/2020,Norfolk,210,11,5.238095238,95.890410959,11,219
6/8/2020,Norfolk,253,12,4.743083004,100,12,253
6/9/2020,Norfolk,177,9,5.084745763,98.882681564,9,179
6/10/2020,Norfolk,262,12,4.580152672,90.657439446,13,289
6/11/2020,Norfolk,221,20,9.049773756,91.701244813,21,241
6/12/2020,Norfolk,227,10,4.405286344,92.276422764,11,246
6/13/2020,Norfolk,314,16,5.095541401,94.294294294,17,333
6/14/2020,Norfolk,194,10,5.154639175,95.098039216,10,204
6/15/2020,Norfolk,172,16,9.302325581,99.421965318,16,173
6/16/2020,Norfolk,442,11,2.488687783,96.506550218,11,458
6/17/2020,Norfolk,366,8,2.185792350,94.818652850,8,386
6/18/2020,Norfolk,293,17,5.802047782,92.429022082,17,317
6/19/2020,Norfolk,367,16,4.359673025,95.077720207,16,386
6/20/2020,Norfolk,438,14,3.196347032,96.902654867,14,452
6/21/2020,Norfolk,215,21,9.767441860,96.846846847,21,222
6/22/2020,Norfolk,218,14,6.422018349,98.198198198,14,222
6/23/2020,Norfolk,312,23,7.371794872,97.805642633,23,319
6/24/2020,Norfolk,283,28,9.893992933,95.286195286,28,297
6/25/2020,Norfolk,331,25,7.552870091,96.501457726,25,343
6/26/2020,Norfolk,245,19,7.755102041,94.594594595,19,259
6/27/2020,Norfolk,403,44,10.918114144,93.720930233,44,430
6/28/2020,Norfolk,309,35,11.326860841,95.076923077,35,325
6/29/2020,Norfolk,267,33,12.359550562,100,33,267
6/30/2020,Norfolk,295,46,15.593220339,82.633053221,47,357
7/1/2020,Norfolk,381,61,16.010498688,86.590909091,61,440
7/2/2020,Norfolk,397,51,12.846347607,83.578947368,51,475
7/3/2020,Norfolk,331,44,13.293051360,96.783625731,44,342
7/4/2020,Norfolk,313,47,15.015974441,96.307692308,47,325
7/5/2020,Norfolk,352,48,13.636363636,98.324022346,48,358
7/6/2020,Norfolk,254,56,22.047244094,99.21875,56,256
7/7/2020,Norfolk,544,95,17.463235294,97.841726619,95,556
7/8/2020,Norfolk,634,83,13.091482650,97.239263804,83,652
7/9/2020,Norfolk,736,141,19.157608696,97.483443709,142,755
7/10/2020,Norfolk,654,83,12.691131498,92.503536068,84,707
7/11/2020,Norfolk,647,99,15.301391036,97.439759036,101,664
7/12/2020,Norfolk,640,101,15.78125,99.843993760,101,641
7/13/2020,Norfolk,695,104,14.964028777,99.713055954,104,697
7/14/2020,Norfolk,649,104,16.024653313,97.010463378,105,669
7/15/2020,Norfolk,516,82,15.891472868,93.818181818,86,550
7/16/2020,Norfolk,567,89,15.696649030,97.422680412,90,582
7/17/2020,Norfolk,1094,142,12.979890311,98.292902066,147,1113
7/18/2020,Norfolk,723,110,15.214384509,99.041095890,112,730
7/19/2020,Norfolk,511,63,12.328767123,99.610136452,64,513
7/20/2020,Norfolk,623,89,14.285714286,99.520766773,89,626
7/21/2020,Norfolk,906,94,10.375275938,98.478260870,97,920
7/22/2020,Norfolk,657,84,12.785388128,97.045790251,86,677
7/23/2020,Norfolk,844,104,12.322274882,98.483080513,104,857
7/24/2020,Norfolk,676,81,11.982248521,97.546897547,83,693
7/25/2020,Norfolk,676,66,9.763313609,98.975109810,66,683
7/26/2020,Norfolk,627,65,10.366826156,97.511664075,66,643
7/27/2020,Norfolk,429,63,14.685314685,100,63,429
7/28/2020,Norfolk,703,77,10.953058321,98.874824191,77,711
7/29/2020,Norfolk,860,95,11.046511628,98.737083812,95,871
7/30/2020,Norfolk,644,72,11.180124224,97.872340426,75,658
7/31/2020,Norfolk,627,72,11.483253589,99.208860759,72,632
8/1/2020,Norfolk,524,47,8.969465649,99.054820416,47,529
8/2/2020,Norfolk,602,68,11.295681063,98.850574713,68,609
8/3/2020,Norfolk,547,53,9.689213894,100,53,547
8/4/2020,Norfolk,318,39,12.264150943,99.065420561,39,321
8/5/2020,Norfolk,839,75,8.939213349,98.128654971,77,855
8/6/2020,Norfolk,467,54,11.563169165,97.291666667,57,480
8/7/2020,Norfolk,503,50,9.940357853,97.292069632,53,517
8/8/2020,Norfolk,481,36,7.484407484,97.963340122,37,491
8/9/2020,Norfolk,543,41,7.550644567,99.633027523,41,545
8/10/2020,Norfolk,326,31,9.509202454,100,31,326
8/11/2020,Norfolk,405,25,6.172839506,95.971563981,26,422
8/12/2020,Norfolk,653,55,8.422664625,98.048048048,58,666
8/13/2020,Norfolk,488,52,10.655737705,98.189134809,53,497
8/14/2020,Norfolk,745,66,8.859060403,98.675496689,67,755
8/15/2020,Norfolk,497,42,8.450704225,98.415841584,42,505
8/16/2020,Norfolk,330,26,7.878787879,97.922848665,27,337
8/17/2020,Norfolk,388,36,9.278350515,99.487179487,36,390
8/18/2020,Norfolk,418,27,6.459330144,98.817966903,30,423
8/19/2020,Norfolk,630,48,7.619047619,98.901098901,49,637
8/20/2020,Norfolk,550,44,8,98.389982111,44,559
8/21/2020,Norfolk,377,39,10.344827586,97.668393782,40,386
8/22/2020,Norfolk,563,46,8.170515098,97.913043478,48,575
8/23/2020,Norfolk,488,33,6.762295082,98.387096774,34,496
8/24/2020,Norfolk,321,48,14.953271028,99.689440994,48,322
8/25/2020,Norfolk,385,25,6.493506494,99.226804124,25,388
8/26/2020,Norfolk,511,55,10.763209393,98.080614203,56,521
8/27/2020,Norfolk,509,28,5.500982318,97.509578544,31,522
8/28/2020,Norfolk,670,47,7.014925373,98.966026588,47,677
8/29/2020,Norfolk,479,35,7.306889353,98.155737705,38,488
8/30/2020,Norfolk,303,38,12.541254125,98.376623377,38,308
8/31/2020,Norfolk,417,29,6.954436451,99.285714286,29,420
9/1/2020,Norfolk,363,30,8.264462810,99.180327869,30,366
9/2/2020,Norfolk,494,26,5.263157895,97.244094488,26,508
9/3/2020,Norfolk,597,35,5.862646566,98.514851485,35,606
9/4/2020,Norfolk,400,27,6.75,99.255583127,27,403
9/5/2020,Norfolk,342,32,9.356725146,97.714285714,34,350
9/6/2020,Norfolk,351,17,4.843304843,99.715909091,17,352
9/7/2020,Norfolk,176,7,3.977272727,100,7,176
9/8/2020,Norfolk,224,16,7.142857143,99.555555556,16,225
9/9/2020,Norfolk,543,38,6.998158379,99.633027523,38,545
9/10/2020,Norfolk,380,27,7.105263158,98.701298701,27,385
9/11/2020,Norfolk,577,32,5.545927210,98.632478632,34,585
9/12/2020,Norfolk,821,17,2.070645554,99.394673123,18,826
9/13/2020,Norfolk,365,10,2.739726027,98.915989160,10,369
9/14/2020,Norfolk,243,11,4.526748971,100,11,243
9/15/2020,Norfolk,555,22,3.963963964,99.284436494,23,559
9/16/2020,Norfolk,556,24,4.316546763,98.407079646,24,565
9/17/2020,Norfolk,406,16,3.940886700,99.024390244,18,410
9/18/2020,Norfolk,510,23,4.509803922,99.029126214,23,515
9/19/2020,Norfolk,497,9,1.810865191,98.611111111,11,504
9/20/2020,Norfolk,361,17,4.709141274,99.175824176,17,364
9/21/2020,Norfolk,377,13,3.448275862,99.472295515,14,379
9/22/2020,Norfolk,342,8,2.339181287,100,8,342
9/23/2020,Norfolk,638,25,3.918495298,99.376947040,26,642
9/24/2020,Norfolk,418,31,7.416267943,98.352941176,31,425
9/25/2020,Norfolk,489,14,2.862985685,97.8,17,500
9/26/2020,Norfolk,518,23,4.440154440,98.854961832,24,524
9/27/2020,Norfolk,307,28,9.120521173,99.032258065,28,310
,Virginia Beach,549,36,6.557377049,96.996466431,38,566
3/4/2020,Virginia Beach,1,0,0,100,0,1
3/11/2020,Virginia Beach,1,0,0,100,0,1
3/12/2020,Virginia Beach,5,0,0,100,0,5
3/14/2020,Virginia Beach,1,0,0,100,0,1
3/15/2020,Virginia Beach,1,1,100,100,1,1
3/16/2020,Virginia Beach,10,0,0,100,0,10
3/17/2020,Virginia Beach,2,1,50,100,1,2
3/18/2020,Virginia Beach,37,0,0,100,0,37
3/19/2020,Virginia Beach,50,7,14,100,7,50
3/20/2020,Virginia Beach,60,2,3.333333333,100,2,60
3/21/2020,Virginia Beach,147,6,4.081632653,100,6,147
3/22/2020,Virginia Beach,33,1,3.030303030,100,1,33
3/23/2020,Virginia Beach,34,3,8.823529412,100,3,34
3/24/2020,Virginia Beach,54,5,9.259259259,100,5,54
3/25/2020,Virginia Beach,54,3,5.555555556,100,3,54
3/26/2020,Virginia Beach,65,9,13.846153846,100,9,65
3/27/2020,Virginia Beach,165,13,7.878787879,100,13,165
3/28/2020,Virginia Beach,79,14,17.721518987,100,14,79
3/29/2020,Virginia Beach,118,22,18.644067797,100,22,118
3/30/2020,Virginia Beach,102,14,13.725490196,100,14,102
3/31/2020,Virginia Beach,83,13,15.662650602,100,13,83
4/1/2020,Virginia Beach,187,27,14.438502674,100,27,187
4/2/2020,Virginia Beach,61,12,19.672131148,100,12,61
4/3/2020,Virginia Beach,196,14,7.142857143,100,14,196
4/4/2020,Virginia Beach,117,11,9.401709402,100,11,117
4/5/2020,Virginia Beach,212,15,7.075471698,100,15,212
4/6/2020,Virginia Beach,201,15,7.462686567,100,15,201
4/7/2020,Virginia Beach,130,16,12.307692308,100,16,130
4/8/2020,Virginia Beach,108,5,4.629629630,100,5,108
4/9/2020,Virginia Beach,96,11,11.458333333,100,11,96
4/10/2020,Virginia Beach,75,9,12,100,9,75
4/11/2020,Virginia Beach,85,11,12.941176471,100,11,85
4/12/2020,Virginia Beach,136,8,5.882352941,100,8,136
4/13/2020,Virginia Beach,73,6,8.219178082,100,6,73
4/14/2020,Virginia Beach,66,6,9.090909091,100,6,66
4/15/2020,Virginia Beach,112,7,6.25,100,7,112
4/16/2020,Virginia Beach,119,10,8.403361345,100,10,119
4/17/2020,Virginia Beach,162,7,4.320987654,100,7,162
4/18/2020,Virginia Beach,125,3,2.4,98.425196850,3,127
4/19/2020,Virginia Beach,88,8,9.090909091,100,8,88
4/20/2020,Virginia Beach,67,4,5.970149254,100,4,67
4/21/2020,Virginia Beach,68,5,7.352941176,100,5,68
4/22/2020,Virginia Beach,201,18,8.955223881,99.014778325,18,203
4/23/2020,Virginia Beach,192,12,6.25,98.969072165,12,194
4/24/2020,Virginia Beach,154,8,5.194805195,100,8,154
4/25/2020,Virginia Beach,172,13,7.558139535,95.027624309,14,181
4/26/2020,Virginia Beach,128,2,1.5625,98.461538462,2,130
4/27/2020,Virginia Beach,247,8,3.238866397,99.196787149,9,249
4/28/2020,Virginia Beach,253,10,3.952569170,96.934865900,13,261
4/29/2020,Virginia Beach,307,21,6.840390879,93.030303030,23,330
4/30/2020,Virginia Beach,260,13,5,88.435374150,16,294
5/1/2020,Virginia Beach,283,9,3.180212014,83.976261128,12,337
5/2/2020,Virginia Beach,189,8,4.232804233,70.786516854,14,267
5/3/2020,Virginia Beach,175,5,2.857142857,78.125,10,224
5/4/2020,Virginia Beach,249,11,4.417670683,96.887159533,11,257
5/5/2020,Virginia Beach,337,8,2.373887240,87.989556136,8,383
5/6/2020,Virginia Beach,386,11,2.849740933,82.478632479,18,468
5/7/2020,Virginia Beach,363,16,4.407713499,84.813084112,24,428
5/8/2020,Virginia Beach,222,8,3.603603604,75.767918089,11,293
5/9/2020,Virginia Beach,229,11,4.803493450,75.328947368,14,304
5/10/2020,Virginia Beach,265,8,3.018867925,91.695501730,9,289
5/11/2020,Virginia Beach,212,4,1.886792453,99.530516432,4,213
5/12/2020,Virginia Beach,279,8,2.867383513,83.283582090,10,335
5/13/2020,Virginia Beach,412,12,2.912621359,83.910386965,16,491
5/14/2020,Virginia Beach,357,8,2.240896359,77.608695652,10,460
5/15/2020,Virginia Beach,256,6,2.34375,77.811550152,6,329
5/16/2020,Virginia Beach,329,6,1.823708207,80.637254902,12,408
5/17/2020,Virginia Beach,336,2,0.595238095,95.726495726,4,351
5/18/2020,Virginia Beach,201,9,4.477611940,100,9,201
5/19/2020,Virginia Beach,367,14,3.814713896,88.221153846,15,416
5/20/2020,Virginia Beach,510,11,2.156862745,87.030716724,16,586
5/21/2020,Virginia Beach,292,12,4.109589041,84.637681159,15,345
5/22/2020,Virginia Beach,328,14,4.268292683,84.102564103,16,390
5/23/2020,Virginia Beach,265,6,2.264150943,82.554517134,8,321
5/24/2020,Virginia Beach,268,9,3.358208955,90.235690236,9,297
5/25/2020,Virginia Beach,204,2,0.980392157,100,2,204
5/26/2020,Virginia Beach,347,2,0.576368876,99.712643678,3,348
5/27/2020,Virginia Beach,482,21,4.356846473,82.252559727,26,586
5/28/2020,Virginia Beach,461,21,4.555314534,78.268251273,26,589
5/29/2020,Virginia Beach,458,30,6.550218341,84.972170686,38,539
5/30/2020,Virginia Beach,243,10,4.115226337,73.860182371,18,329
5/31/2020,Virginia Beach,334,3,0.898203593,89.304812834,4,374
6/1/2020,Virginia Beach,268,6,2.238805970,99.259259259,8,270
6/2/2020,Virginia Beach,455,8,1.758241758,91.182364729,11,499
6/3/2020,Virginia Beach,537,12,2.234636872,91.016949153,15,590
6/4/2020,Virginia Beach,648,14,2.160493827,89.010989011,16,728
6/5/2020,Virginia Beach,957,7,0.731452456,96.569122099,8,991
6/6/2020,Virginia Beach,372,10,2.688172043,89.208633094,10,417
6/7/2020,Virginia Beach,394,4,1.015228426,96.097560976,4,410
6/8/2020,Virginia Beach,299,10,3.344481605,99.006622517,10,302
6/9/2020,Virginia Beach,415,13,3.132530120,96.287703016,13,431
6/10/2020,Virginia Beach,526,10,1.901140684,90.533562823,14,581
6/11/2020,Virginia Beach,516,24,4.651162791,92.972972973,25,555
6/12/2020,Virginia Beach,384,16,4.166666667,89.510489510,21,429
6/13/2020,Virginia Beach,348,10,2.873563218,89.002557545,11,391
6/14/2020,Virginia Beach,354,6,1.694915254,94.4,7,375
6/15/2020,Virginia Beach,264,8,3.030303030,100,8,264
6/16/2020,Virginia Beach,433,18,4.157043880,90.585774059,18,478
6/17/2020,Virginia Beach,743,30,4.037685061,91.165644172,31,815
6/18/2020,Virginia Beach,669,20,2.989536622,93.828892006,20,713
6/19/2020,Virginia Beach,503,8,1.590457256,89.026548673,9,565
6/20/2020,Virginia Beach,565,21,3.716814159,95.925297114,21,589
6/21/2020,Virginia Beach,395,13,3.291139241,93.380614657,14,423
6/22/2020,Virginia Beach,493,15,3.042596349,99.595959596,15,495
6/23/2020,Virginia Beach,718,20,2.785515320,95.861148198,20,749
6/24/2020,Virginia Beach,567,20,3.527336861,88.043478261,21,644
6/25/2020,Virginia Beach,589,18,3.056027165,93.343898574,18,631
6/26/2020,Virginia Beach,1107,26,2.348690154,95.266781411,28,1162
6/27/2020,Virginia Beach,1122,33,2.941176471,95.979469632,33,1169
6/28/2020,Virginia Beach,481,32,6.652806653,95.816733068,33,502
6/29/2020,Virginia Beach,477,25,5.241090147,98.553719008,25,484
6/30/2020,Virginia Beach,876,38,4.337899543,89.479060266,41,979
7/1/2020,Virginia Beach,925,49,5.297297297,90.686274510,49,1020
7/2/2020,Virginia Beach,870,53,6.091954023,85.461689587,57,1018
7/3/2020,Virginia Beach,630,37,5.873015873,93.195266272,37,676
7/4/2020,Virginia Beach,516,41,7.945736434,96.810506567,42,533
7/5/2020,Virginia Beach,514,57,11.089494163,96.798493409,57,531
7/6/2020,Virginia Beach,429,46,10.722610723,99.767441860,46,430
7/7/2020,Virginia Beach,1047,117,11.174785100,96.765249538,119,1082
7/8/2020,Virginia Beach,980,88,8.979591837,91.332712022,91,1073
7/9/2020,Virginia Beach,753,81,10.756972112,92.166462668,83,817
7/10/2020,Virginia Beach,950,132,13.894736842,87.155963303,132,1090
7/11/2020,Virginia Beach,1195,135,11.297071130,95.983935743,137,1245
7/12/2020,Virginia Beach,862,105,12.180974478,98.966704937,106,871
7/13/2020,Virginia Beach,994,135,13.581488934,99.799196787,135,996
7/14/2020,Virginia Beach,851,103,12.103407756,92.802617230,104,917
7/15/2020,Virginia Beach,1004,118,11.752988048,91.689497717,126,1095
7/16/2020,Virginia Beach,1063,99,9.313264346,95.165622202,106,1117
7/17/2020,Virginia Beach,1726,198,11.471610660,95.942190106,210,1799
7/18/2020,Virginia Beach,1106,137,12.386980108,97.530864198,137,1134
7/19/2020,Virginia Beach,902,84,9.312638581,98.795180723,84,913
7/20/2020,Virginia Beach,1038,114,10.982658960,99.140401146,114,1047
7/21/2020,Virginia Beach,1207,169,14.001657001,97.260273973,173,1241
7/22/2020,Virginia Beach,1150,131,11.391304348,94.262295082,134,1220
7/23/2020,Virginia Beach,1048,129,12.309160305,94.755877034,131,1106
7/24/2020,Virginia Beach,1751,131,7.481439178,96.900940786,134,1807
7/25/2020,Virginia Beach,1093,95,8.691674291,96.811337467,97,1129
7/26/2020,Virginia Beach,1020,114,11.176470588,93.75,115,1088
7/27/2020,Virginia Beach,677,99,14.623338257,100,99,677
7/28/2020,Virginia Beach,875,78,8.914285714,98.870056497,79,885
7/29/2020,Virginia Beach,1297,107,8.249807247,96.074074074,112,1350
7/30/2020,Virginia Beach,1312,112,8.536585366,97.546468401,113,1345
7/31/2020,Virginia Beach,1184,124,10.472972973,97.049180328,126,1220
8/1/2020,Virginia Beach,927,93,10.032362460,96.663190824,95,959
8/2/2020,Virginia Beach,1089,82,7.529843893,97.931654676,84,1112
8/3/2020,Virginia Beach,803,55,6.849315068,99.751552795,57,805
8/4/2020,Virginia Beach,768,42,5.46875,98.461538462,44,780
8/5/2020,Virginia Beach,1035,93,8.985507246,95.744680851,98,1081
8/6/2020,Virginia Beach,747,87,11.646586345,95.769230769,89,780
8/7/2020,Virginia Beach,810,84,10.370370370,96.658711217,87,838
8/8/2020,Virginia Beach,846,75,8.865248227,97.465437788,78,868
8/9/2020,Virginia Beach,887,51,5.749718151,97.687224670,51,908
8/10/2020,Virginia Beach,692,54,7.803468208,99.711815562,54,694
8/11/2020,Virginia Beach,751,39,5.193075899,94.943109987,41,791
8/12/2020,Virginia Beach,775,46,5.935483871,94.975490196,52,816
8/13/2020,Virginia Beach,823,65,7.897934386,95.809080326,69,859
8/14/2020,Virginia Beach,820,57,6.951219512,96.244131455,58,852
8/15/2020,Virginia Beach,754,57,7.559681698,97.668393782,60,772
8/16/2020,Virginia Beach,809,34,4.202719407,97.002398082,38,834
8/17/2020,Virginia Beach,658,61,9.270516717,99.096385542,61,664
8/18/2020,Virginia Beach,415,23,5.542168675,97.877358491,24,424
8/19/2020,Virginia Beach,810,66,8.148148148,96.313912010,69,841
8/20/2020,Virginia Beach,914,55,6.017505470,97.234042553,58,940
8/21/2020,Virginia Beach,787,39,4.955527319,96.564417178,40,815
8/22/2020,Virginia Beach,1026,54,5.263157895,96.338028169,56,1065
8/23/2020,Virginia Beach,736,38,5.163043478,97.225891678,40,757
8/24/2020,Virginia Beach,568,40,7.042253521,98.954703833,40,574
8/25/2020,Virginia Beach,572,34,5.944055944,97.278911565,36,588
8/26/2020,Virginia Beach,820,38,4.634146341,95.348837209,43,860
8/27/2020,Virginia Beach,665,48,7.218045113,96.098265896,50,692
8/28/2020,Virginia Beach,708,40,5.649717514,96.326530612,43,735
8/29/2020,Virginia Beach,750,44,5.866666667,97.150259067,47,772
8/30/2020,Virginia Beach,504,31,6.150793651,96.923076923,31,520
8/31/2020,Virginia Beach,629,44,6.995230525,98.899371069,47,636
9/1/2020,Virginia Beach,560,34,6.071428571,98.073555166,35,571
9/2/2020,Virginia Beach,745,42,5.637583893,97.385620915,47,765
9/3/2020,Virginia Beach,710,59,8.309859155,96.994535519,62,732
9/4/2020,Virginia Beach,591,39,6.598984772,97.364085667,41,607
9/5/2020,Virginia Beach,574,19,3.310104530,96.795952782,19,593
9/6/2020,Virginia Beach,773,31,4.010349288,97.972116603,31,789
9/7/2020,Virginia Beach,280,16,5.714285714,100,16,280
9/8/2020,Virginia Beach,507,27,5.325443787,99.0234375,28,512
9/9/2020,Virginia Beach,643,46,7.153965785,98.771121352,46,651
9/10/2020,Virginia Beach,535,34,6.355140187,96.396396396,37,555
9/11/2020,Virginia Beach,695,33,4.748201439,95.862068966,33,725
9/12/2020,Virginia Beach,893,33,3.695408735,96.959826276,37,921
9/13/2020,Virginia Beach,579,23,3.972366149,97.969543147,24,591
9/14/2020,Virginia Beach,472,37,7.838983051,100,37,472
9/15/2020,Virginia Beach,954,51,5.345911950,99.271592092,54,961
9/16/2020,Virginia Beach,743,30,4.037685061,96.368352789,34,771
9/17/2020,Virginia Beach,641,33,5.148205928,97.121212121,35,660
9/18/2020,Virginia Beach,770,33,4.285714286,95.890410959,37,803
9/19/2020,Virginia Beach,734,10,1.362397820,98.259705489,12,747
9/20/2020,Virginia Beach,424,19,4.481132075,96.583143508,22,439
9/21/2020,Virginia Beach,735,37,5.034013605,98.130841121,42,749
9/22/2020,Virginia Beach,663,27,4.072398190,97.356828194,34,681
9/23/2020,Virginia Beach,839,31,3.694874851,96.994219653,37,865
9/24/2020,Virginia Beach,630,21,3.333333333,95.890410959,30,657
9/25/2020,Virginia Beach,672,27,4.017857143,96.275071633,34,698
9/26/2020,Virginia Beach,836,50,5.980861244,96.535796767,57,866
9/27/2020,Virginia Beach,324,10,3.086419753,95.857988166,12,338
